Date Time,Inlet Gas Pressure (bar),Inlet Gas Temp (°C),Inlet Gas Flow (kg/h),Feed Water Temp (°C),Steam Pressure (bar),Steam Temp (°C),Steam Flow (kg/h),Exhaust Gas Oxygen (%),Exhaust Gas Temp (°C)
09:06:19,0.1,0,0,0,0.05,0,0.85,0,0
09:06:24,0.1,29.75,0,29.56,0.05,0,0.85,20.46,30
09:06:29,0.12,29.75,0,29.56,0.05,0,0.85,21.08,30
09:06:34,0.11,29.79,0,29.56,0.05,29.5,0.98,21.08,30.04
09:06:39,0.11,29.79,0,29.56,0.06,29.5,0.98,21.04,30.04
09:06:44,0.12,29.79,0,29.56,0.06,29.56,1.1,20.99,30.04
09:06:49,0.11,29.85,0,29.66,0.05,29.56,0.98,20.97,30.14
09:06:54,0.13,29.85,0,29.66,0.05,29.56,0.98,20.97,30.14
09:06:59,0.12,30,0,29.75,0.05,29.56,1.1,20.97,30.21
09:07:04,0.12,30,0,29.75,0.05,29.56,1.1,20.96,30.21
09:07:09,0.1,30,0,29.75,0.06,30,0.98,20.93,30.21
09:07:14,0.11,30,0,29.75,0.05,30,1.1,20.91,30.21
09:07:19,0.1,30,0,29.75,0.06,29.66,1.1,20.87,30.21
09:07:24,0.13,30.04,0,29.79,0.05,29.66,1.1,20.79,30.31
09:07:29,0.12,30.1,0,29.79,0.06,29.66,1.1,20.76,30.31
09:07:34,0.11,30.1,0,29.79,0.06,29.66,1.1,20.73,30.31
09:07:39,0.12,30.1,0,29.79,0.05,29.75,1.1,20.69,30.31
09:07:44,0.12,30.1,0,29.85,0.06,29.75,1.1,20.64,30.37
09:07:49,0.13,30.1,0,29.85,0.05,29.79,0.98,20.64,30.37
09:07:54,0.11,30.14,0,29.91,0.05,29.79,1.1,20.61,30.44
09:07:59,0.1,30.14,0,29.91,0.06,29.79,1.1,20.58,30.44
09:08:04,0.1,30.21,0,30,0.05,29.79,0.98,20.57,30.44
09:08:09,0.13,30.21,0,30,0.06,29.79,0.98,20.55,30.44
09:08:14,0.1,30.21,0,30,0.05,29.79,0.98,20.52,30.44
09:08:19,0.1,30.21,0,30,0.05,29.79,0.98,20.52,30.48
09:08:24,0.1,30.21,0,30,0.06,29.85,0.98,20.5,30.48
09:08:29,0.12,30.25,0,30.04,0.06,29.85,0.98,20.51,30.48
09:08:34,0.11,30.25,0,30.04,0.05,29.85,1.1,20.49,30.48
09:08:39,0.13,30.25,0,30.04,0.06,29.91,1.1,20.49,30.48
09:08:44,0.13,30.25,0,30.04,0.06,29.91,1.1,20.48,30.48
09:08:49,0.12,30.25,0,30.04,0.06,29.85,1.1,20.47,30.48
09:08:54,0.12,30.31,0,30.1,0.05,29.85,0.98,20.46,30.54
09:08:59,0.12,30.31,0,30.1,0.05,29.85,1.1,20.46,30.54
09:09:04,0.12,30.25,0,30.1,0.06,29.91,0.98,20.46,30.6
09:09:09,0.12,30.31,0,30.1,0.06,29.91,1.1,20.46,30.6
09:09:14,0.11,30.31,0,30.1,0.06,29.85,1.1,20.44,30.6
09:09:19,0.11,30.31,0,30.1,0.05,29.85,1.1,20.42,30.6
09:09:24,0.12,30.31,0,30.1,0.05,29.85,0.98,20.44,30.6
09:09:29,0.13,30.37,0,30.14,0.06,29.85,0.98,20.43,30.65
09:09:34,0.1,30.37,0,30.14,0.05,29.85,0.98,20.42,30.65
09:09:39,0.1,30.37,0,30.14,0.05,29.85,0.98,20.42,30.65
09:09:44,0.13,30.37,0,30.21,0.05,29.85,0.98,20.41,30.6
09:09:49,0.1,30.37,0,30.21,0.05,29.85,0.98,20.4,30.6
09:09:54,0.11,30.37,0,30.21,0.06,29.85,1.1,20.39,30.65
09:09:59,0.09,30.37,0,30.21,0.06,29.85,0.98,20.39,30.65
09:10:04,0.12,30.37,0,30.25,0.05,29.85,0.98,20.38,30.65
09:10:09,0.11,30.37,0,30.25,0.05,29.85,0.98,20.38,30.65
09:10:14,0.11,30.37,0,30.25,0.06,29.85,1.1,20.36,30.65
09:10:19,0.12,30.37,0,30.25,0.06,29.85,1.1,20.36,30.65
09:10:24,0.12,30.37,0,30.25,0.06,29.91,1.1,20.38,30.65
09:10:29,0.12,30.44,0,30.31,0.06,29.91,1.22,20.36,30.65
09:10:34,0.12,30.44,0,30.31,0.06,29.91,1.1,20.36,30.65
09:10:39,0.11,30.44,0,30.31,0.05,29.91,1.1,20.35,30.65
09:10:44,0.1,30.37,0,30.25,0.06,29.91,0.98,20.36,30.65
09:10:49,0.1,30.37,0,30.25,0.06,29.91,1.1,20.35,30.65
09:10:54,0.12,30.37,0,30.31,0.06,29.91,1.1,20.36,30.65
09:10:59,0.13,30.37,0,30.31,0.06,29.91,1.22,20.35,30.65
09:11:04,0.1,30.37,0,30.25,0.06,29.91,1.22,20.35,30.65
09:11:09,0.12,30.37,0,30.25,0.06,29.91,1.1,20.34,30.65
09:11:14,0.12,30.37,0,30.25,0.06,29.91,1.22,20.33,30.65
09:11:19,0.11,30.44,0,30.37,0.06,29.91,1.1,20.34,30.65
09:11:24,0.11,30.44,0,30.37,0.06,30,1.1,20.33,30.65
09:11:29,0.12,30.44,0,30.37,0.06,30,1.1,20.33,30.71
09:11:34,0.15,30.44,0,30.37,0.06,30,1.1,20.33,30.71
09:11:39,0.13,30.44,0,30.37,0.06,30,1.1,20.31,30.71
09:11:44,0.1,30.44,0,30.37,0.06,30,1.1,20.31,30.71
09:11:49,0.13,30.44,0,30.37,0.06,29.91,1.1,20.3,30.71
09:11:54,0.12,30.37,0,30.37,0.06,29.91,1.1,20.31,30.65
09:11:59,0.12,30.37,0,30.37,0.06,29.91,1.1,20.31,30.65
09:12:04,0.12,30.37,0,30.44,0.06,30,1.22,20.3,30.71
09:12:09,0.12,30.37,0,30.44,0.06,30,1.22,20.31,30.71
09:12:14,0.12,30.37,0,30.44,0.06,30,1.22,20.33,30.71
09:12:19,0.12,30.44,0,30.44,0.06,30,1.22,20.32,30.71
09:12:24,0.13,30.44,0,30.44,0.06,30,1.22,20.31,30.71
09:12:29,0.13,30.44,0,30.48,0.06,30,1.22,20.32,30.71
09:12:34,0.13,30.44,0,30.48,0.06,30,1.1,20.33,30.71
09:12:39,0.12,30.44,0,30.48,0.06,30,1.22,20.32,30.71
09:12:44,0.12,30.44,0,30.48,0.06,30,1.1,20.33,30.71
09:12:49,0.12,30.44,0,30.48,0.06,30,1.1,20.32,30.71
09:12:54,0.09,30.37,0,30.44,0.06,30,1.22,20.32,30.65
09:12:59,0.12,30.37,0,30.44,0.06,30,1.1,20.33,30.65
09:13:04,0.1,30.44,0,30.48,0.05,30,1.1,20.32,30.71
09:13:09,0.1,30.44,0,30.48,0.06,30,1.1,20.32,30.71
09:13:14,0.1,30.44,0,30.48,0.06,29.91,1.1,20.31,30.71
09:13:19,0.11,30.37,0,30.48,0.06,29.91,1.1,20.32,30.71
09:13:24,0.14,30.37,0,30.48,0.05,30,1.1,20.33,30.71
09:13:29,0.12,30.31,0,30.48,0.06,30,1.22,20.33,30.65
09:13:34,0.12,30.31,0,30.48,0.06,30,1.22,20.34,30.65
09:13:39,0.12,30.31,0,30.48,0.06,30,1.1,20.31,30.65
09:13:44,0.12,30.31,0,30.54,0.06,30,1.1,20.32,30.65
09:13:49,0.12,30.31,0,30.54,0.06,30,1.1,20.31,30.65
09:13:54,0.11,30.37,0,30.48,0.06,30,1.22,20.33,30.71
09:13:59,0.15,30.37,0,30.48,0.06,30,1.22,20.35,30.71
09:14:04,0.1,30.37,0,30.54,0.06,30,1.22,20.34,30.71
09:14:09,0.12,30.37,0,30.54,0.06,30,1.1,20.34,30.71
09:14:14,0.13,30.37,0,30.54,0.06,30.04,1.22,20.33,30.71
09:14:19,0.12,30.37,0,30.54,0.06,30.04,1.22,20.32,30.71
09:14:24,0.12,30.37,0,30.54,0.06,30.04,1.22,20.34,30.71
09:14:29,0.12,30.37,0,30.6,0.06,30.04,1.22,20.33,30.65
09:14:34,0.1,30.37,0,30.6,0.06,30.04,1.22,20.33,30.65
09:14:39,0.12,30.37,0,30.6,0.06,30,1.34,20.32,30.65
09:14:44,0.14,30.31,0,30.54,0.06,30,1.22,20.3,30.65
09:14:49,0.1,30.31,0,30.54,0.06,30.04,1.1,20.29,30.65
09:14:54,0.12,30.37,0,30.54,0.06,30.04,1.1,20.29,30.71
09:14:59,0.12,30.37,0,30.54,0.06,30.04,1.1,20.28,30.71
09:15:04,0.13,30.31,0,30.6,0.06,30,1.22,20.28,30.65
09:15:09,0.13,30.31,0,30.6,0.06,30,1.1,20.27,30.65
09:15:14,0.11,30.31,0,30.6,0.06,30,1.22,20.27,30.65
09:15:19,0.13,30.31,0,30.54,0.06,30,1.1,20.25,30.65
09:15:24,0.13,30.31,0,30.54,0.06,30,1.22,20.25,30.65
09:15:29,0.14,30.31,0,30.6,0.06,30,1.1,20.27,30.65
09:15:34,0.12,30.31,0,30.6,0.06,30,1.22,20.28,30.65
09:15:39,0.14,30.31,0,30.6,0.06,30,1.22,20.27,30.65
09:15:44,0.11,30.25,0,30.6,0.06,30,1.34,20.27,30.65
09:15:49,0.1,30.25,0,30.6,0.06,30,1.22,20.28,30.65
09:15:54,0.13,30.31,0,30.6,0.06,30,1.1,20.27,30.65
09:15:59,0.12,30.31,0,30.6,0.06,30,1.22,20.27,30.65
09:16:04,0.12,30.31,0,30.6,0.06,30,1.22,20.27,30.71
09:16:09,0.11,30.31,0,30.6,0.07,30,1.22,20.27,30.71
09:16:14,0.1,30.31,0,30.6,0.06,30.04,1.22,20.27,30.71
09:16:19,0.12,30.25,0,30.6,0.06,30.04,1.22,20.26,30.6
09:16:24,0.1,30.25,0,30.6,0.06,30,1.22,20.27,30.6
09:16:29,0.1,30.25,0,30.65,0.06,30,1.1,20.27,30.65
09:16:34,0.1,30.25,0,30.65,0.06,30,1.1,20.25,30.65
09:16:39,0.1,30.25,0,30.65,0.06,30,1.1,20.25,30.65
09:16:44,0.1,30.31,0,30.71,0.06,30,1.22,20.25,30.65
09:16:49,0.12,30.31,0,30.71,0.06,30,1.22,20.27,30.65
09:16:54,0.13,30.25,0,30.65,0.06,30,1.22,20.27,30.6
09:16:59,0.11,30.25,0,30.65,0.06,30,1.22,20.27,30.6
09:17:04,0.12,30.25,0,30.65,0.06,30,1.22,20.27,30.65
09:17:09,0.1,30.25,0,30.65,0.06,30,1.1,20.25,30.65
09:17:14,0.13,30.25,0,30.65,0.06,29.91,1.1,20.25,30.65
09:17:19,0.13,30.25,0,30.71,0.06,29.91,1.22,20.26,30.65
09:17:24,0.13,30.25,0,30.71,0.06,30,1.22,20.27,30.65
09:17:29,0.1,30.25,0,30.71,0.06,30,1.22,20.27,30.6
09:17:34,0.12,30.25,0,30.71,0.06,30,1.1,20.27,30.6
09:17:39,0.11,30.25,0,30.71,0.06,30.04,1.1,20.25,30.6
09:17:44,0.12,30.25,0,30.71,0.06,30.04,1.22,20.25,30.6
09:17:49,0.12,30.25,0,30.71,0.06,30,1.34,20.25,30.6
09:17:54,0.13,30.25,0,30.75,0.06,30,1.22,20.27,30.65
09:17:59,0.12,30.25,0,30.75,0.06,30,1.34,20.27,30.65
09:18:04,0.13,30.25,0,30.71,0.07,30.04,1.22,20.27,30.6
09:18:09,0.12,30.25,0,30.71,0.06,30.04,1.22,20.27,30.6
09:18:14,0.12,30.25,0,30.71,0.06,30,1.22,20.25,30.6
09:18:19,0.11,30.25,0,30.75,0.06,30,1.22,20.25,30.6
09:18:24,0.13,30.25,0,30.75,0.06,30,1.1,20.27,30.6
09:18:29,0.1,30.25,0,30.75,0.06,30,1.22,20.24,30.6
09:18:34,0.11,30.25,0,30.75,0.06,30,1.22,20.25,30.6
09:18:39,0.1,30.25,0,30.75,0.06,30,1.1,20.25,30.6
09:18:44,0.1,30.25,0,30.71,0.06,30,1.1,20.25,30.6
09:18:49,0.11,30.25,0,30.71,0.06,30.04,1.22,20.25,30.6
09:18:54,0.1,30.25,0,30.81,0.06,30.04,1.22,20.26,30.6
09:18:59,0.13,30.25,0,30.81,0.06,30.04,1.1,20.27,30.6
09:19:04,0.12,30.21,0,30.81,0.06,30,1.22,20.25,30.54
09:19:09,0.14,30.21,0,30.81,0.06,30,1.34,20.27,30.54
09:19:14,0.12,30.21,0,30.81,0.07,30,1.22,20.28,30.54
09:19:19,0.1,30.21,0,30.81,0.06,30,1.22,20.27,30.54
09:19:24,0.15,30.21,0,30.81,0.06,30,1.34,20.28,30.54
09:19:29,0.12,30.21,0,30.81,0.07,30,1.34,20.28,30.6
09:19:34,0.1,30.21,0,30.81,0.06,30,1.34,20.27,30.6
09:19:39,0.12,30.21,0,30.81,0.07,30.04,1.22,20.28,30.6
09:19:44,0.12,30.21,0,30.81,0.06,30.04,1.34,20.27,30.54
09:19:49,0.1,30.21,0,30.81,0.06,30,1.34,20.26,30.54
09:19:54,0.11,30.21,0,30.88,0.06,30,1.34,20.27,30.54
09:19:59,0.12,30.21,0,30.88,0.06,30,1.22,20.28,30.54
09:20:04,0.12,30.1,0,30.81,0.06,30,1.22,20.27,30.54
09:20:09,0.13,30.1,0,30.81,0.06,30,1.47,20.26,30.54
09:20:14,0.13,30.1,0,30.81,0.07,30,1.34,20.26,30.54
09:20:19,0.1,30.14,0,30.88,0.06,30,1.22,20.27,30.6
09:20:24,0.12,30.14,0,30.88,0.06,30.04,1.34,20.25,30.6
09:20:29,0.12,30.1,0,30.88,0.06,30.04,1.22,20.27,30.6
09:20:34,0.12,30.1,0,30.88,0.06,30.04,1.22,20.27,30.6
09:20:39,0.1,30.1,0,30.88,0.06,30,1.22,20.25,30.6
09:20:44,0.12,30.1,0,30.88,0.06,30,1.22,20.25,30.54
09:20:49,0.13,30.1,0,30.88,0.06,30.04,1.34,20.27,30.54
09:20:54,0.12,30.14,0,30.88,0.06,30.04,1.22,20.27,30.54
09:20:59,0.14,30.14,0,30.88,0.06,30.04,1.34,20.25,30.54
09:21:04,0.1,30.1,0,30.88,0.06,30,1.34,20.27,30.54
09:21:09,0.11,30.1,0,30.88,0.06,30,1.34,20.27,30.54
09:21:14,0.13,30.1,0,30.88,0.06,30.04,1.34,20.27,30.54
09:21:19,0.12,30.1,0,30.94,0.06,30.04,1.34,20.26,30.54
09:21:24,0.13,30.1,0,30.94,0.06,30,1.34,20.27,30.54
09:21:29,0.12,30.1,0,30.88,0.06,30,1.34,20.27,30.48
09:21:34,0.12,30.1,0,30.88,0.06,30,1.22,20.27,30.48
09:21:39,0.12,30.1,0,30.88,0.06,30.04,1.22,20.25,30.48
09:21:44,0.12,30.1,0,30.94,0.06,30.04,1.22,20.24,30.54
09:21:49,0.12,30.1,0,30.94,0.06,30.04,1.1,20.25,30.54
09:21:54,0.1,30.1,0,30.94,0.06,30.04,1.22,20.24,30.48
09:21:59,0.12,30.1,0,30.94,0.06,30.04,1.1,20.27,30.48
09:22:04,0.1,30.1,0,30.94,0.06,30,1.34,20.25,30.54
09:22:09,0.12,30.1,0,30.94,0.06,30,1.34,20.27,30.54
09:22:14,0.12,30.1,0,30.94,0.06,30.04,1.34,20.25,30.54
09:22:19,0.1,30.04,0,30.94,0.06,30.04,1.22,20.26,30.44
09:22:24,0.13,30.04,0,30.94,0.06,30,1.22,20.25,30.44
09:22:29,0.11,30.1,0,30.94,0.06,30,1.22,20.25,30.48
09:22:34,0.11,30.1,0,30.94,0.06,30,1.1,20.27,30.48
09:22:39,0.1,30.1,0,30.94,0.06,30.04,1.22,20.25,30.48
09:22:44,0.11,30.04,0,30.98,0.06,30.04,1.34,20.26,30.44
09:22:49,0.12,30.04,0,30.98,0.06,30,1.22,20.27,30.44
09:22:54,0.12,30.04,0,30.98,0.06,30,1.34,20.25,30.48
09:22:59,0.1,30.04,0,30.98,0.06,30,1.34,20.25,30.48
09:23:04,0.12,30.04,0,30.94,0.06,30.04,1.22,20.25,30.37
09:23:09,0.13,30.04,0,30.94,0.05,30.04,1.22,20.24,30.37
09:23:14,0.1,30.04,0,30.94,0.06,30,1.22,20.23,30.37
09:23:19,0.1,30.04,0,30.98,0.06,30,1.22,20.24,30.44
09:23:24,0.12,30.04,0,30.98,0.06,30.04,1.1,20.24,30.44
09:23:29,0.12,30,0,30.98,0.06,30.04,1.22,20.23,30.44
09:23:34,0.11,30,0,30.98,0.06,30.04,1.22,20.22,30.44
09:23:39,0.11,30,0,30.98,0.06,30,1.22,20.23,30.44
09:23:44,0.11,30.04,0,30.98,0.06,30,1.22,20.22,30.44
09:23:49,0.1,30.04,0,30.98,0.06,30.04,1.22,20.22,30.44
09:23:54,0.12,30.04,0,30.98,0.06,30.04,1.22,20.23,30.48
09:23:59,0.12,30.04,0,30.98,0.06,30.04,1.22,20.22,30.48
09:24:04,0.1,30.04,0,31.04,0.06,30.04,1.34,20.24,30.44
09:24:09,0.11,30.04,0,30.98,0.06,30.04,1.22,20.25,30.44
09:24:14,0.14,30.04,0,30.98,0.06,30.04,1.34,20.25,30.44
09:24:19,0.12,30.04,0,31.04,0.06,30.04,1.22,20.24,30.48
09:24:24,0.12,30.04,0,31.04,0.06,30.04,1.34,20.23,30.48
09:24:29,0.1,30.04,0,30.98,0.06,30.04,1.22,20.24,30.44
09:24:34,0.12,30.04,0,30.98,0.06,30.04,1.22,20.23,30.44
09:24:39,0.12,30.04,0,30.98,0.06,30.04,1.34,20.24,30.44
09:24:44,0.12,30,0,30.98,0.07,30.04,1.34,20.25,30.44
09:24:49,0.11,30,0,30.98,0.06,30.04,1.34,20.25,30.44
09:24:54,0.12,30.04,0,31.04,0.06,30.04,1.22,20.24,30.44
09:24:59,0.11,30.04,0,31.04,0.06,30.04,1.34,20.23,30.44
09:25:04,0.12,30,0,30.98,0.06,30,1.22,20.24,30.37
09:25:09,0.1,30,0,30.98,0.06,30,1.22,20.23,30.37
09:25:14,0.12,30,0,30.98,0.06,30.04,1.22,20.24,30.37
09:25:19,0.13,30,0,30.98,0.06,30.04,1.22,20.24,30.44
09:25:24,0.12,30,0,30.98,0.06,30.04,1.22,20.24,30.44
09:25:29,0.1,30,0,30.98,0.06,30.04,1.47,20.25,30.37
09:25:34,0.13,30,0,30.98,0.06,30.04,1.34,20.25,30.37
09:25:39,0.12,30,0,30.98,0.06,30.1,1.34,20.25,30.37
09:25:44,0.12,30,0,31.04,0.06,30.1,1.34,20.25,30.44
09:25:49,0.11,30,0,31.04,0.06,30.04,1.47,20.24,30.44
09:25:54,0.12,30,0,31.04,0.06,30.04,1.22,20.24,30.37
09:25:59,0.12,30,0,31.04,0.06,30.04,1.22,20.22,30.37
09:26:04,0.13,30,0,31.11,0.06,30.04,1.22,20.22,30.44
09:26:09,0.1,30,0,31.11,0.06,30.04,1.22,20.24,30.44
09:26:14,0.1,30,0,31.11,0.06,30.1,1.34,20.22,30.44
09:26:19,0.11,30,0,30.98,0.07,30.1,1.34,20.23,30.37
09:26:24,0.1,30,0,30.98,0.07,30.04,1.34,20.24,30.37
09:26:29,0.09,30,0,31.04,0.06,30.04,1.47,20.22,30.37
09:26:34,0.11,30,0,31.04,0.06,30.04,1.47,20.23,30.37
09:26:39,0.13,30,0,31.04,0.07,30.04,1.22,20.24,30.37
09:26:44,0.1,29.91,0,31.04,0.06,30.04,1.47,20.22,30.44
09:26:49,0.12,29.91,0,31.04,0.06,30.1,1.47,20.23,30.44
09:26:54,0.12,29.91,0,31.11,0.07,30.1,1.34,20.24,30.44
09:26:59,0.13,29.91,0,31.11,0.06,30.1,1.47,20.22,30.44
09:27:04,0.12,29.91,0,31.04,0.07,30,1.47,20.23,30.37
09:27:09,0.11,29.91,0,31.04,0.07,30,1.34,20.24,30.37
09:27:14,0.13,29.91,0,31.04,0.07,30.04,1.47,20.22,30.37
09:27:19,0.12,30,0,31.11,0.06,30.04,1.22,20.21,30.44
09:27:24,0.12,30,0,31.11,0.06,30,1.22,20.22,30.44
09:27:29,0.12,29.91,0,31.04,0.06,30,1.22,20.22,30.37
09:27:34,0.12,29.91,0,31.04,0.06,30,1.22,20.21,30.37
09:27:39,0.12,29.91,0,31.04,0.06,30,1.22,20.21,30.37
09:27:44,0.1,30,0,31.04,0.06,30,1.22,20.22,30.37
09:27:49,0.12,30,0,31.04,0.06,30.04,1.34,20.21,30.37
09:27:54,0.38,30,0,31.04,0.06,30.04,1.47,20.22,30.37
09:27:59,0.37,30,0,31.04,0.06,30.04,1.47,20.22,30.37
09:28:04,0.35,29.91,0,31.04,0.06,30,1.47,20.22,30.37
09:28:09,0.33,29.91,0,31.04,0.07,30,1.34,20.22,30.37
09:28:14,0.36,29.91,0,31.04,0.07,30,1.47,20.22,30.37
09:28:19,0.32,30,0,31.11,0.07,30,1.34,20.22,30.37
09:28:24,0.34,30,0,31.11,0.07,30.04,1.22,20.21,30.37
09:28:29,0.33,29.91,0,31.04,0.06,30.04,1.34,20.21,30.37
09:28:34,0.33,29.91,0,31.04,0.06,30.04,1.22,20.21,30.37
09:28:39,0.32,29.91,0,31.04,0.06,30,1.34,20.21,30.37
09:28:44,0.32,30,0,31.11,0.06,30,1.34,20.23,30.44
09:28:49,0.32,30,0,31.11,0.06,30,1.47,20.21,30.44
09:28:54,0.31,30,0,31.11,0.06,30,1.47,20.22,30.37
09:28:59,0.31,30,0,31.11,0.06,30,1.22,20.21,30.37
09:29:04,0.31,29.85,0,31.11,0.06,30.04,1.47,20.22,30.31
09:29:09,0.31,29.79,0,31.11,0.07,30.04,1.34,20.21,30.31
09:29:14,0.31,29.79,0,31.11,0.06,30,1.34,20.21,30.31
09:29:19,0.32,29.79,0,31.11,0.06,30,1.34,20.21,30.37
09:29:24,0.3,29.79,0,31.11,0.07,30,1.47,20.22,30.37
09:29:29,0.32,29.85,0,31.17,0.06,30,1.47,20.21,30.37
09:29:34,0.31,29.85,0,31.17,0.06,30,1.22,20.21,30.37
09:29:39,0.31,29.85,0,31.17,0.06,30.04,1.22,20.19,30.37
09:29:44,0.27,29.85,0,31.17,0.06,30.04,1.22,20.19,30.37
09:29:49,0.29,29.85,0,31.17,0.06,30,1.34,20.2,30.37
09:29:54,0.29,29.79,0,31.11,0.06,30,1.34,20.19,30.37
09:29:59,0.29,29.79,0,31.11,0.06,30,1.34,20.2,30.37
09:30:04,0.29,29.79,0,31.11,0.06,30,1.22,20.19,30.37
09:30:09,0.29,29.79,0,31.11,0.07,30,1.34,20.19,30.37
09:30:14,0.29,29.79,0,31.11,0.06,30.04,1.34,20.17,30.37
09:30:19,0.29,29.85,0,31.21,0.07,30.04,1.47,20.2,30.31
09:30:24,0.27,29.85,0,31.21,0.06,30,1.47,20.18,30.31
09:30:29,0.26,29.85,0,31.17,0.06,30,1.22,20.18,30.37
09:30:34,0.27,29.85,0,31.17,0.06,30,1.47,20.19,30.37
09:30:39,0.27,29.85,0,31.17,0.07,30.04,1.34,20.21,30.37
09:30:44,0.27,29.85,0,31.17,0.07,30.04,1.34,20.19,30.37
09:30:49,0.26,29.85,0,31.17,0.06,30,1.22,20.19,30.37
09:30:54,0.28,29.85,0,31.21,0.06,30,1.47,20.2,30.37
09:30:59,0.27,29.85,0,31.21,0.06,30,1.34,20.21,30.37
09:31:04,0.25,29.91,0,31.21,0.07,30,1.34,20.21,30.44
09:31:09,0.25,29.91,0,31.21,0.06,30,1.22,20.19,30.44
09:31:14,0.26,29.91,0,31.21,0.06,30,1.22,20.19,30.44
09:31:19,0.25,29.85,0,31.21,0.06,30,1.22,20.18,30.37
09:31:24,0.25,29.85,0,31.21,0.06,30.04,1.34,20.19,30.37
09:31:29,0.25,29.85,0,31.17,0.07,30.04,1.34,20.19,30.31
09:31:34,0.24,29.85,0,31.17,0.06,30.04,1.22,20.21,30.31
09:31:39,0.24,29.85,0,31.17,0.06,30,1.22,20.19,30.31
09:31:44,0.23,29.85,0,31.27,0.06,30,1.34,20.19,30.37
09:31:49,0.23,29.85,0,31.27,0.06,30,1.34,20.19,30.37
09:31:54,0.23,29.85,0,31.21,0.06,30,1.22,20.18,30.37
09:31:59,0.22,29.85,0,31.21,0.06,30,1.47,20.17,30.37
09:32:04,0.24,29.85,0,31.21,0.07,30,1.22,20.19,30.31
09:32:09,0.22,29.85,0,31.21,0.06,30,1.47,20.19,30.31
09:32:14,0.22,29.85,0,31.21,0.06,30,1.47,20.2,30.31
09:32:19,0.23,29.91,0,31.21,0.06,30,1.47,20.19,30.44
09:32:24,0.23,29.91,0,31.21,0.06,30.04,1.47,20.17,30.44
09:32:29,0.22,29.85,0,31.21,0.06,30.04,1.22,20.18,30.37
09:32:34,0.21,29.85,0,31.21,0.06,30.04,1.34,20.18,30.37
09:32:39,0.23,29.85,0,31.21,0.06,30,1.22,20.19,30.37
09:32:44,0.21,29.91,0,31.27,0.06,30,1.47,20.19,30.44
09:32:49,0.21,29.91,0,31.27,0.06,30,1.47,20.2,30.44
09:32:54,0.23,29.85,0,31.27,0.07,30,1.47,20.19,30.37
09:32:59,0.2,29.85,0,31.27,0.06,30,1.34,20.2,30.37
09:33:04,0.2,29.91,0,31.27,0.06,30,1.34,20.17,30.37
09:33:09,0.21,29.91,0,31.27,0.07,30,1.34,20.19,30.37
09:33:14,0.23,29.91,0,31.27,0.07,30,1.47,20.19,30.37
09:33:19,0.2,29.85,0,31.27,0.07,30,1.47,20.19,30.37
09:33:24,0.2,29.85,0,31.27,0.06,30.04,1.34,20.17,30.37
09:33:29,0.21,29.91,0,31.34,0.06,30.04,1.22,20.19,30.37
09:33:34,0.18,29.91,0,31.34,0.06,30.04,1.47,20.19,30.37
09:33:39,0.18,29.91,0,31.34,0.06,30,1.34,20.19,30.37
09:33:44,0.2,29.91,0,31.27,0.06,30,1.34,20.17,30.37
09:33:49,0.21,29.91,0,31.27,0.06,30,1.22,20.17,30.37
09:33:54,0.18,29.85,0,31.27,0.07,30,1.47,20.19,30.37
09:33:59,0.18,29.85,0,31.27,0.06,30,1.47,20.19,30.37
09:34:04,0.2,29.91,0,31.34,0.07,30.04,1.47,20.22,30.37
09:34:09,0.19,29.91,0,31.34,0.07,30.04,1.34,20.22,30.37
09:34:14,0.18,29.91,0,31.34,0.06,30.04,1.47,20.19,30.37
09:34:19,0.18,29.91,0,31.34,0.07,30.04,1.34,20.19,30.37
09:34:24,0.19,29.91,0,31.34,0.06,30.04,1.34,20.2,30.37
09:34:29,0.17,29.85,0,31.34,0.07,30.04,1.47,20.21,30.37
09:34:34,0.18,29.85,0,31.34,0.06,30.04,1.22,20.21,30.37
09:34:39,0.15,29.85,0,31.34,0.06,30.04,1.47,20.21,30.37
09:34:44,0.18,29.91,0,31.34,0.07,30.04,1.47,20.22,30.37
09:34:49,0.15,29.91,0,31.34,0.06,30.04,1.47,20.2,30.37
09:34:54,0.16,29.91,0,31.34,0.06,30.04,1.22,20.19,30.31
09:34:59,0.15,29.91,0,31.34,0.07,30.04,1.47,20.18,30.31
09:35:04,0.17,29.85,0,31.34,0.07,30.04,1.47,20.2,30.31
09:35:09,0.15,29.85,0,31.34,0.07,30.04,1.47,20.18,30.31
09:35:14,0.16,29.85,0,31.34,0.06,30.04,1.22,20.18,30.31
09:35:19,0.15,29.91,0,31.4,0.07,30.04,1.47,20.19,30.37
09:35:24,0.17,29.91,0,31.4,0.06,30.04,1.47,20.2,30.37
09:35:29,0.13,29.91,0,31.34,0.07,30.04,1.47,20.2,30.37
09:35:34,0.13,29.91,0,31.34,0.07,30.04,1.22,20.19,30.37
09:35:39,0.15,29.91,0,31.34,0.06,30.04,1.34,20.2,30.37
09:35:44,0.17,29.85,0,31.34,0.06,30.04,1.34,20.19,30.37
09:35:49,0.14,29.85,0,31.34,0.07,30.04,1.47,20.21,30.37
09:35:54,0.13,29.91,0,31.4,0.07,30.04,1.34,20.22,30.37
09:35:59,0.17,29.91,0,31.4,0.06,30.04,1.47,20.21,30.37
09:36:04,0.16,29.91,0,31.34,0.07,30.1,1.34,20.21,30.37
09:36:09,0.15,29.91,0,31.34,0.06,30.1,1.22,20.19,30.37
09:36:14,0.13,29.91,0,31.34,0.06,30.1,1.34,20.19,30.37
09:36:19,0.14,29.91,0,31.4,0.06,30.1,1.22,20.19,30.31
09:36:24,0.12,29.91,0,31.4,0.06,30.04,1.34,20.19,30.31
09:36:29,0.13,30,0,31.4,0.06,30.04,1.34,20.18,30.37
09:36:34,0.15,30,0,31.4,0.07,30.04,1.22,20.17,30.37
09:36:39,0.13,30,0,31.4,0.06,30.04,1.34,20.17,30.37
09:36:44,0.13,29.91,0,31.4,0.06,30.04,1.34,20.17,30.31
09:36:49,0.13,29.91,0,31.4,0.06,30.1,1.34,20.19,30.31
09:36:54,0.13,30,0,31.46,0.06,30.1,1.34,20.17,30.37
09:36:59,0.15,30,0,31.46,0.07,30.1,1.47,20.18,30.37
09:37:04,0.13,29.91,0,31.4,0.06,30.1,1.34,20.19,30.37
09:37:09,0.17,29.91,0,31.4,0.07,30.1,1.47,20.18,30.37
09:37:14,0.14,29.91,0,31.4,0.07,30.04,1.47,20.19,30.37
09:37:19,0.13,29.91,0,31.4,0.06,30.04,1.47,20.17,30.37
09:37:24,0.15,29.91,0,31.4,0.06,30.04,1.22,20.17,30.37
09:37:29,0.13,30,0,31.46,0.06,30.04,1.47,20.17,30.44
09:37:34,0.13,30,0,31.46,0.07,30.04,1.47,20.19,30.44
09:37:39,0.13,30,0,31.46,0.07,30.1,1.47,20.19,30.44
09:37:44,0.13,29.91,0,31.46,0.06,30.1,1.34,20.17,30.37
09:37:49,0.14,29.91,0,31.46,0.07,30.1,1.34,20.18,30.37
09:37:54,0.13,29.91,0,31.46,0.07,30.1,1.47,20.17,30.37
09:37:59,0.15,29.91,0,31.46,0.06,30.1,1.47,20.19,30.37
09:38:04,0.1,30.04,0,31.5,0.06,30.1,1.22,20.17,30.44
09:38:09,0.13,30.04,0,31.5,0.07,30.1,1.34,20.19,30.37
09:38:14,0.13,30.04,0,31.5,0.07,30.1,1.47,20.17,30.37
09:38:19,0.12,30,0,31.46,0.07,30.1,1.34,20.19,30.48
09:38:24,0.13,30,0,31.46,0.06,30.1,1.47,20.17,30.48
09:38:29,0.12,31.21,0,30.81,0.06,30.1,1.22,20.17,30.81
09:38:34,0.13,31.21,0,30.81,0.06,30.1,1.34,20.17,30.81
09:38:39,0.14,31.21,0,30.81,0.07,30.1,1.22,20.17,30.81
09:38:44,0.13,29.91,0,31.46,0.06,30.1,1.34,20.19,30.37
09:38:49,0.13,29.91,0,31.46,0.06,30.1,1.47,20.17,30.37
09:38:54,0.14,29.91,0,31.57,0.07,30.1,1.47,20.17,30.37
09:38:59,0.12,29.91,0,31.57,0.06,30.1,1.34,20.17,30.37
09:39:04,0.12,30,0,31.46,0.06,30.1,1.34,20.16,30.44
09:39:09,0.13,30,0,31.46,0.06,30.1,1.34,20.16,30.44
09:39:14,0.14,30,0,31.46,0.07,30.04,1.34,20.17,30.44
09:39:19,0.16,29.91,0,31.5,0.06,30.04,1.22,20.16,30.44
09:39:24,0.15,29.91,0,31.5,0.06,30.04,1.47,20.17,30.44
09:39:29,0.16,30.04,0,31.46,0.06,30.04,1.47,20.18,30.44
09:39:34,0.14,30.04,0,31.46,0.06,30.04,1.47,20.17,30.44
09:39:39,0.26,30.04,0,31.46,0.06,30.1,1.34,20.17,30.44
09:39:44,0.94,30,0,31.46,0.06,30.1,1.22,20.16,30.44
09:39:49,6.74,30,0,31.46,0.06,30.1,1.47,20.18,30.44
09:39:54,11.79,30,0,31.5,0.06,30.1,1.34,20.18,30.48
09:39:59,13.5,30,0,31.5,0.06,30.1,1.34,20.16,30.48
09:40:04,13.48,30,0,31.5,0.06,30.1,1.34,20.17,30.44
09:40:09,13.53,30,0,31.5,0.06,30.1,1.47,20.17,30.44
09:40:14,13.53,30,0,31.5,0.07,30.04,1.47,20.18,30.44
09:40:19,13.51,30,0,31.5,0.07,30.04,1.47,20.17,30.44
09:40:24,13.51,30,0,31.5,0.06,30.1,1.34,20.17,30.44
09:40:29,13.52,29.91,0,31.46,0.06,30.1,1.34,20.16,30.44
09:40:34,13.52,29.91,0,31.46,0.07,30.1,1.34,20.17,30.44
09:40:39,13.52,29.91,0,31.46,0.07,30.1,1.47,20.17,30.44
09:40:44,13.52,30,0,31.46,0.07,30.1,1.59,20.17,30.44
09:40:49,13.53,30,0,31.46,0.06,30.1,1.34,20.17,30.44
09:40:54,13.51,30,0,31.5,0.06,30.1,1.47,20.16,30.44
09:40:59,13.51,30,0,31.5,0.06,30.1,1.34,20.16,30.44
09:41:04,13.52,30,0,31.5,0.06,30.1,1.22,20.16,30.44
09:41:09,13.59,30,0,31.5,0.06,30.1,1.34,20.15,30.44
09:41:14,14.13,30,0,31.5,0.06,30.14,1.34,20.17,30.44
09:41:19,14.06,30,0,31.46,0.06,30.14,1.34,20.16,30.44
09:41:24,14.09,30,0,31.46,0.07,30.1,1.47,20.16,30.44
09:41:29,14.06,29.91,0,31.46,0.06,30.1,1.47,20.16,30.44
09:41:34,14.08,29.91,0,31.46,0.07,30.1,1.47,20.17,30.44
09:41:39,14.07,29.91,0,31.46,0.06,30.1,1.47,20.17,30.44
09:41:44,14.08,30.04,0,31.5,0.07,30.1,1.47,20.17,30.48
09:41:49,14.08,30.04,0,31.5,0.06,30.1,1.47,20.17,30.48
09:41:54,14.07,30,0,31.57,0.07,30.1,1.59,20.17,30.44
09:41:59,14.08,30,0,31.57,0.06,30.1,1.47,20.17,30.44
09:42:04,14.12,30,0,31.5,0.06,30.1,1.47,20.16,30.44
09:42:09,14.08,30,0,31.5,0.07,30.1,1.59,20.17,30.44
09:42:14,14.1,30,0,31.5,0.07,30.1,1.47,20.17,30.44
09:42:19,14.07,30.04,0,31.5,0.07,30.1,1.47,20.16,30.48
09:42:24,14.12,30.04,0,31.5,0.07,30.1,1.47,20.17,30.48
09:42:29,14.08,30.04,0,31.5,0.07,30.1,1.47,20.16,30.44
09:42:34,14.12,30.04,0,31.5,0.06,30.1,1.59,20.16,30.44
09:42:39,14.12,30.04,0,31.5,0.07,30.1,1.47,20.17,30.44
09:42:44,14.11,30.04,0,31.57,0.07,30.1,1.34,20.17,30.48
09:42:49,14.11,30.04,0,31.57,0.07,30.1,1.59,20.17,30.48
09:42:54,14.1,30.1,0,31.57,0.07,30.1,1.47,20.17,30.48
09:42:59,14.12,30.1,0,31.57,0.06,30.1,1.47,20.17,30.48
09:43:04,14.1,30.04,0,31.57,0.07,30.14,1.47,20.17,30.48
09:43:09,14.13,30.04,0,31.5,0.07,30.14,1.47,20.16,30.48
09:43:14,14.11,30.04,0,31.5,0.07,30.14,1.47,20.16,30.48
09:43:19,14.14,30.04,0,31.5,0.06,30.14,1.34,20.16,30.48
09:43:24,14.1,30.04,0,31.5,0.07,30.14,1.34,20.16,30.48
09:43:29,14.12,30.04,0,31.57,0.07,30.14,1.34,20.16,30.48
09:43:34,14.13,30.04,0,31.57,0.06,30.14,1.34,20.17,30.48
09:43:39,14.13,30.04,0,31.57,0.06,30.1,1.34,20.17,30.48
09:43:44,14.14,30.1,0,31.57,0.06,30.1,1.34,20.15,30.54
09:43:49,14.12,30.1,0,31.57,0.07,30.1,1.34,20.16,30.54
09:43:54,14.13,30.1,0,31.63,0.06,30.1,1.47,20.16,30.48
09:43:59,14.14,30.1,0,31.63,0.06,30.1,1.47,20.16,30.48
09:44:04,14.13,30.14,0,31.63,0.06,30.14,1.47,20.15,30.6
09:44:09,14.13,30.14,0,31.63,0.06,30.14,1.47,20.15,30.6
09:44:14,14.12,30.14,0,31.63,0.07,30.14,1.47,20.17,30.6
09:44:19,14.14,30.14,0,31.63,0.07,30.14,1.47,20.17,30.6
09:44:24,14.12,30.14,0,31.63,0.06,30.14,1.47,20.17,30.6
09:44:29,14.12,30.1,0,31.63,0.06,30.14,1.47,20.16,30.6
09:44:34,14.15,30.1,0,31.63,0.06,30.14,1.47,20.18,30.6
09:44:39,14.15,30.1,0,31.63,0.06,30.04,1.47,20.17,30.6
09:44:44,14.13,30.1,0,31.57,0.07,30.04,1.34,20.17,30.54
09:44:49,14.13,30.1,0,31.57,0.06,30.04,1.34,20.16,30.54
09:44:54,14.14,30.14,0,31.63,0.07,30.04,1.34,20.16,30.6
09:44:59,14.15,30.14,0,31.63,0.06,30.04,1.59,20.17,30.6
09:45:04,14.14,30.14,0,31.63,0.06,30.1,1.59,20.17,30.54
09:45:09,14.14,30.14,0,31.63,0.07,30.1,1.47,20.17,30.54
09:45:14,14.13,30.14,0,31.63,0.06,30.1,1.47,20.17,30.54
09:45:19,14.14,30.1,0,31.63,0.06,30.1,1.34,20.17,30.54
09:45:24,14.14,30.1,0,31.63,0.06,30.1,1.34,20.17,30.54
09:45:29,14.14,30.14,0,31.57,0.06,30.1,1.34,20.17,30.54
09:45:34,14.17,30.14,0,31.57,0.06,30.1,1.47,20.17,30.54
09:45:39,14.15,30.14,0,31.57,0.07,30.1,1.47,20.17,30.54
09:45:44,14.14,30.14,0,31.63,0.07,30.1,1.47,20.17,30.6
09:45:49,14.14,30.14,0,31.63,0.06,30.1,1.47,20.16,30.6
09:45:54,14.16,30.21,0,31.5,0.06,30.1,1.34,20.17,30.6
09:45:59,14.15,30.21,0,31.5,0.07,30.1,1.47,20.17,30.6
09:46:04,14.16,30.14,0,31.63,0.06,30.04,1.47,20.17,30.6
09:46:09,14.16,30.14,0,31.63,0.07,30.04,1.47,20.17,30.6
09:46:14,14.17,30.14,0,31.63,0.07,30.1,1.59,20.17,30.6
09:46:19,14.14,30.14,0,31.63,0.06,30.1,1.47,20.16,30.6
09:46:24,14.14,30.14,0,31.63,0.07,30.1,1.34,20.15,30.6
09:46:29,14.16,30.21,0,31.69,0.07,30.1,1.34,20.16,30.6
09:46:34,14.16,30.21,0,31.69,0.06,30.1,1.34,20.16,30.6
09:46:39,14.17,30.21,0,31.69,0.07,30.1,1.47,20.16,30.6
09:46:44,14.15,30.21,0,31.69,0.07,30.1,1.47,20.17,30.65
09:46:49,14.14,30.21,0,31.69,0.07,30.1,1.47,20.16,30.65
09:46:54,14.14,30.14,0,31.69,0.07,30.1,1.34,20.16,30.6
09:46:59,14.15,30.14,0,31.69,0.06,30.1,1.34,20.16,30.6
09:47:04,14.13,30.14,0,31.57,0.06,30.04,1.34,20.16,30.65
09:47:09,14.16,30.14,0,31.57,0.07,30.04,1.34,20.15,30.65
09:47:14,14.15,30.14,0,31.57,0.06,30.1,1.47,20.16,30.65
09:47:19,14.16,30.21,0,31.63,0.07,30.1,1.47,20.15,30.65
09:47:24,14.15,30.21,0,31.63,0.06,30.1,1.47,20.15,30.65
09:47:29,14.14,30.21,0,31.63,0.06,30.1,1.47,20.16,30.65
09:47:34,14.17,30.21,0,31.63,0.06,30.1,1.34,20.16,30.65
09:47:39,14.14,30.21,0,31.63,0.06,30.1,1.47,20.16,30.65
09:47:44,14.15,30.21,0,31.63,0.06,30.1,1.47,20.15,30.65
09:47:49,14.16,30.21,0,31.63,0.06,30.1,1.34,20.16,30.65
09:47:54,14.15,30.21,0,31.63,0.06,30.1,1.47,20.15,30.6
09:47:59,14.14,30.21,0,31.63,0.07,30.1,1.34,20.15,30.6
09:48:04,14.14,30.21,0,31.57,0.07,30.1,1.34,20.16,30.6
09:48:09,14.16,30.21,0,31.57,0.06,30.1,1.47,20.16,30.65
09:48:14,14.14,30.21,0,31.57,0.06,30.04,1.47,20.15,30.65
09:48:19,14.16,30.1,0,31.63,0.06,30.04,1.47,20.17,30.6
09:48:24,14.16,30.1,0,31.63,0.07,30.04,1.34,20.16,30.6
09:48:29,14.19,30.14,0,31.63,0.06,30.04,1.47,20.15,30.65
09:48:34,14.14,30.14,0,31.63,0.07,30.04,1.34,20.15,30.65
09:48:39,14.14,30.14,0,31.63,0.06,30.1,1.34,20.16,30.65
09:48:44,14.16,30.14,0,31.63,0.06,30.1,1.34,20.16,30.65
09:48:49,14.14,30.14,0,31.63,0.07,30.1,1.47,20.16,30.65
09:48:54,14.17,30.14,0,31.63,0.06,30.1,1.34,20.17,30.6
09:48:59,14.14,30.14,0,31.63,0.07,30.1,1.47,20.17,30.6
09:49:04,14.16,30.14,0,31.57,0.06,30.1,1.59,20.17,30.65
09:49:09,14.14,30.1,0,31.57,0.07,30.1,1.59,20.17,30.65
09:49:14,14.14,30.1,0,31.57,0.07,30.1,1.47,20.17,30.65
09:49:19,14.17,30.14,0,31.63,0.07,30.1,1.34,20.18,30.65
09:49:24,14.19,30.14,0,31.63,0.07,30.1,1.47,20.17,30.65
09:49:29,14.16,30.14,0,31.63,0.06,30.1,1.47,20.15,30.65
09:49:34,14.14,30.14,0,31.63,0.06,30.1,1.47,20.15,30.65
09:49:39,14.15,30.14,0,31.63,0.06,30.1,1.47,20.15,30.65
09:49:44,14.14,30.14,0,31.63,0.06,30.1,1.47,20.16,30.65
09:49:49,14.18,30.14,0,31.63,0.07,30.1,1.47,20.17,30.65
09:49:54,14.16,30.14,0,31.63,0.07,30.1,1.47,20.17,30.65
09:49:59,14.14,30.14,0,31.63,0.07,30.1,1.47,20.16,30.65
09:50:04,14.14,30.14,0,31.63,0.07,30.1,1.47,20.16,30.6
09:50:09,14.16,30.14,0,31.63,0.07,30.1,1.47,20.15,30.6
09:50:14,14.16,30.14,0,31.63,0.07,30.1,1.47,20.16,30.6
09:50:19,14.16,30.14,0,31.69,0.07,30.1,1.34,20.16,30.65
09:50:24,14.15,30.14,0,31.69,0.07,30.1,1.59,20.16,30.65
09:50:29,14.16,30.14,0,31.69,0.06,30.1,1.47,20.16,30.71
09:50:34,14.16,30.14,0,31.69,0.07,30.1,1.47,20.17,30.71
09:50:39,14.15,30.14,0,31.69,0.07,30.1,1.47,20.17,30.71
09:50:44,14.18,30.14,0,31.63,0.07,30.1,1.47,20.17,30.65
09:50:49,14.18,30.14,0,31.63,0.07,30.1,1.59,20.17,30.65
09:50:54,14.16,30.14,0,31.69,0.07,30.1,1.47,20.17,30.65
09:50:59,14.15,30.14,0,31.69,0.06,30.1,1.59,20.16,30.65
09:51:04,14.15,30.1,0,31.69,0.06,30.14,1.47,20.17,30.65
09:51:09,14.16,30.1,0,31.69,0.06,30.14,1.34,20.16,30.65
09:51:14,14.14,30.1,0,31.69,0.06,30.14,1.34,20.16,30.65
09:51:19,14.16,30.14,0,31.69,0.06,30.14,1.47,20.17,30.65
09:51:24,14.16,30.14,0,31.69,0.07,30.1,1.47,20.17,30.65
09:51:29,14.16,30.14,0,31.69,0.07,30.1,1.34,20.17,30.65
09:51:34,14.13,30.14,0,31.69,0.07,30.1,1.47,20.15,30.65
09:51:39,14.15,30.14,0,31.69,0.06,30.1,1.34,20.16,30.65
09:51:44,14.16,30.1,0,31.69,0.06,30.1,1.34,20.15,30.65
09:51:49,14.16,30.1,0,31.69,0.06,30.1,1.47,20.16,30.65
09:51:54,14.16,30.1,0,31.69,0.06,30.1,1.34,20.15,30.65
09:51:59,14.17,30.1,0,31.69,0.07,30.1,1.47,20.16,30.65
09:52:04,14.14,30.1,0,31.63,0.06,30.1,1.34,20.16,30.65
09:52:09,14.17,30.1,0,31.69,0.06,30.1,1.47,20.16,30.65
09:52:14,14.15,30.1,0,31.69,0.06,30.1,1.47,20.16,30.65
09:52:19,14.15,30.14,0,31.69,0.06,30.1,1.47,20.15,30.71
09:52:24,14.16,30.14,0,31.69,0.07,30.14,1.47,20.14,30.71
09:52:29,14.16,30.14,0,31.75,0.07,30.14,1.34,20.16,30.65
09:52:34,14.15,30.14,0,31.75,0.07,30.14,1.47,20.14,30.65
09:52:39,14.15,30.14,0,31.75,0.07,30.14,1.47,20.15,30.65
09:52:44,14.17,30.1,0,31.75,0.07,30.14,1.47,20.15,30.71
09:52:49,14.15,30.1,0,31.75,0.06,30.14,1.47,20.16,30.71
09:52:54,14.14,30.1,0,31.69,0.06,30.14,1.47,20.14,30.65
09:52:59,14.14,30.1,0,31.69,0.06,30.14,1.34,20.15,30.65
09:53:04,14.16,30.1,0,31.75,0.06,30.14,1.34,20.14,30.65
09:53:09,14.14,30.1,0,31.75,0.06,30.14,1.47,20.16,30.65
09:53:14,14.13,30.1,0,31.75,0.06,30.14,1.47,20.17,30.65
09:53:19,14.15,30.1,0,31.75,0.06,30.14,1.34,20.15,30.65
09:53:24,14.15,30.1,0,31.75,0.06,30.14,1.34,20.15,30.65
09:53:29,14.14,30.1,0,31.75,0.06,30.14,1.22,20.15,30.65
09:53:34,14.15,30.1,0,31.75,0.06,30.14,1.34,20.16,30.65
09:53:39,14.14,30.1,0,31.75,0.06,30.14,1.22,20.15,30.65
09:53:44,14.16,30.1,0,31.69,0.06,30.14,1.47,20.15,30.65
09:53:49,14.14,30.1,0,31.69,0.06,30.1,1.47,20.17,30.65
09:53:54,14.14,30.04,0,31.75,0.06,30.1,1.47,20.17,30.6
09:53:59,14.15,30.04,0,31.75,0.06,30.1,1.47,20.17,30.6
09:54:04,14.16,30.1,0,31.82,0.06,30.14,1.47,20.17,30.71
09:54:09,14.17,30.1,0,31.82,0.06,30.14,1.47,20.16,30.71
09:54:14,14.14,30.1,0,31.82,0.06,30.14,1.59,20.16,30.71
09:54:19,14.15,30.04,0,31.82,0.06,30.14,1.34,20.17,30.65
09:54:24,14.15,30.04,0,31.82,0.06,30.14,1.47,20.16,30.65
09:54:29,14.15,30.1,0,31.82,0.06,30.14,1.59,20.17,30.65
09:54:34,14.15,30.1,0,31.82,0.06,30.14,1.47,20.17,30.65
09:54:39,14.14,30.1,0,31.82,0.06,30.14,1.47,20.16,30.65
09:54:44,14.16,30.04,0,31.75,0.06,30.14,1.47,20.17,30.65
09:54:49,14.14,30.04,0,31.75,0.06,30.14,1.47,20.17,30.65
09:54:54,14.14,30.04,0,31.82,0.06,30.14,1.47,20.16,30.65
09:54:59,14.14,30.04,0,31.82,0.06,30.14,1.59,20.17,30.65
09:55:04,14.14,30.04,0,31.82,0.06,30.14,1.47,20.17,30.71
09:55:09,14.14,30.04,0,31.82,0.06,30.14,1.47,20.16,30.71
09:55:14,14.14,30.04,0,31.82,0.06,30.14,1.47,20.15,30.71
09:55:19,14.16,30.1,0,31.82,0.06,30.14,1.47,20.16,30.65
09:55:24,14.14,30.1,0,31.82,0.07,30.14,1.34,20.16,30.65
09:55:29,14.13,30.04,0,31.82,0.06,30.14,1.34,20.15,30.65
09:55:34,14.15,30.04,0,31.82,0.06,30.14,1.47,20.16,30.65
09:55:39,14.16,30.04,0,31.82,0.06,30.21,1.34,20.16,30.65
09:55:44,14.17,30.04,0,31.82,0.06,30.21,1.47,20.14,30.65
09:55:49,14.14,30.04,0,31.82,0.06,30.21,1.47,20.14,30.65
09:55:54,14.15,30.04,0,31.82,0.06,30.21,1.34,20.15,30.65
09:55:59,14.16,30.04,0,31.82,0.06,30.21,1.34,20.15,30.65
09:56:04,14.14,30.04,0,31.75,0.06,30.21,1.34,20.15,30.65
09:56:09,14.15,30.04,0,31.75,0.06,30.21,1.34,20.13,30.65
09:56:14,14.15,30.04,0,31.75,0.06,30.21,1.47,20.13,30.65
09:56:19,14.14,30.04,0,31.82,0.06,30.21,1.34,20.14,30.71
09:56:24,14.16,30.04,0,31.82,0.06,30.21,1.22,20.13,30.71
09:56:29,14.17,30.04,0,31.82,0.06,30.21,1.47,20.14,30.6
09:56:34,14.17,30.04,0,31.82,0.06,30.21,1.47,20.14,30.6
09:56:39,14.17,30.04,0,31.82,0.06,30.21,1.34,20.13,30.6
09:56:44,14.16,30.04,0,31.82,0.06,30.21,1.34,20.13,30.6
09:56:49,14.16,30.04,0,31.82,0.06,30.14,1.47,20.13,30.6
09:56:54,14.14,30,0,31.88,0.06,30.14,1.22,20.13,30.6
09:56:59,14.16,30,0,31.88,0.06,30.14,1.34,20.13,30.6
09:57:04,14.15,30.04,0,31.88,0.06,30.21,1.47,20.14,30.65
09:57:09,14.15,30.04,0,31.88,0.06,30.21,1.34,20.13,30.65
09:57:14,14.13,30.04,0,31.88,0.06,30.21,1.47,20.13,30.65
09:57:19,14.14,30.1,0,31.88,0.06,30.21,1.34,20.14,30.65
09:57:24,14.15,30.1,0,31.88,0.06,30.21,1.47,20.14,30.65
09:57:29,14.16,30.04,0,31.88,0.07,30.21,1.59,20.15,30.65
09:57:34,14.14,30.04,0,31.88,0.06,30.21,1.59,20.14,30.65
09:57:39,14.15,30.04,0,31.88,0.06,30.21,1.47,20.13,30.65
09:57:44,14.16,30.04,0,31.88,0.06,30.21,1.34,20.13,30.65
09:57:49,14.14,30.04,0,31.88,0.07,30.21,1.47,20.14,30.65
09:57:54,14.14,30,0,31.82,0.06,30.21,1.47,20.15,30.65
09:57:59,14.14,30,0,31.82,0.07,30.21,1.47,20.17,30.65
09:58:04,14.16,30.04,0,31.88,0.06,30.21,1.47,20.15,30.6
09:58:09,14.13,30.04,0,31.88,0.06,30.21,1.34,20.15,30.6
09:58:14,14.15,30.04,0,31.88,0.05,30.21,1.47,20.14,30.6
09:58:19,14.13,30,0,31.88,0.06,30.21,1.47,20.16,30.6
09:58:24,14.14,30,0,31.88,0.07,30.21,1.47,20.17,30.6
09:58:29,14.15,30,0,31.92,0.06,30.21,1.47,20.16,30.65
09:58:34,14.15,30,0,31.92,0.06,30.21,1.47,20.17,30.65
09:58:39,14.14,30,0,31.92,0.06,30.21,1.47,20.15,30.65
09:58:44,14.14,30.04,0,31.92,0.06,30.21,1.47,20.14,30.65
09:58:49,14.14,30.04,0,31.92,0.06,30.25,1.34,20.14,30.65
09:58:54,14.13,30,0,31.88,0.06,30.25,1.47,20.13,30.6
09:58:59,14.14,30,0,31.88,0.06,30.25,1.34,20.14,30.6
09:59:04,14.16,30.04,0,31.92,0.06,30.25,1.34,20.13,30.6
09:59:09,14.13,30.04,0,31.92,0.06,30.25,1.59,20.14,30.6
09:59:14,14.15,30.04,0,31.92,0.06,30.25,1.47,20.16,30.6
09:59:19,14.15,30,0,31.92,0.07,30.25,1.59,20.15,30.6
09:59:24,14.15,30,0,31.92,0.06,30.25,1.47,20.14,30.6
09:59:29,14.14,30,0,31.88,0.06,30.25,1.47,20.13,30.6
09:59:34,14.14,30,0,31.88,0.06,30.25,1.34,20.14,30.6
09:59:39,14.14,30,0,31.88,0.06,30.21,1.47,20.14,30.6
09:59:44,14.16,30.04,0,31.92,0.06,30.21,1.47,20.16,30.65
09:59:49,14.15,30.04,0,31.92,0.06,30.21,1.59,20.14,30.65
09:59:54,14.16,30.04,0,31.92,0.06,30.21,1.47,20.15,30.65
09:59:59,14.14,30.04,0,31.92,0.06,30.21,1.34,20.13,30.65
10:00:04,14.17,30,0,31.92,0.06,30.21,1.34,20.15,30.6
10:00:09,14.15,30.04,0,31.92,0.06,30.21,1.47,20.14,30.6
10:00:14,14.16,30.04,0,31.92,0.06,30.21,1.47,20.13,30.6
10:00:19,14.13,30,0,31.88,0.07,30.21,1.34,20.15,30.65
10:00:24,14.15,30,0,31.88,0.06,30.21,1.47,20.16,30.65
10:00:29,14.13,30,0,31.92,0.06,30.21,1.59,20.15,30.6
10:00:34,14.15,30,0,31.92,0.07,30.21,1.59,20.15,30.6
10:00:39,14.15,30,0,31.92,0.06,30.25,1.47,20.15,30.6
10:00:44,14.15,30.04,0,31.98,0.06,30.25,1.47,20.13,30.65
10:00:49,14.14,30.04,0,31.98,0.06,30.25,1.47,20.13,30.65
10:00:54,14.17,30,0,31.92,0.06,30.25,1.47,20.13,30.65
10:00:59,14.15,30,0,31.92,0.06,30.25,1.47,20.16,30.65
10:01:04,14.16,30.04,0,31.92,0.06,30.25,1.47,20.16,30.6
10:01:09,14.14,30.04,0,31.92,0.06,30.25,1.59,20.16,30.6
10:01:14,14.16,30.04,0,31.92,0.07,30.25,1.59,20.16,30.6
10:01:19,14.15,30.04,0,31.92,0.06,30.25,1.47,20.16,30.65
10:01:24,14.14,30.04,0,31.92,0.06,30.25,1.59,20.16,30.65
10:01:29,14.16,30.04,0,31.92,0.06,30.25,1.47,20.17,30.65
10:01:34,14.16,30.04,0,31.92,0.07,30.25,1.59,20.16,30.65
10:01:39,14.14,30.04,0,31.92,0.06,30.25,1.47,20.16,30.65
10:01:44,14.14,30.1,0,31.98,0.06,30.25,1.47,20.14,30.71
10:01:49,14.14,30.1,0,31.98,0.06,30.25,1.34,20.14,30.71
10:01:54,14.14,30.1,0,31.98,0.06,30.25,1.34,20.13,30.65
10:01:59,14.16,30.1,0,31.98,0.07,30.25,1.47,20.15,30.65
10:02:04,14.14,30.04,0,31.98,0.07,30.25,1.59,20.15,30.65
10:02:09,14.14,30.04,0,31.98,0.06,30.25,1.47,20.15,30.65
10:02:14,14.15,30.04,0,31.98,0.06,30.21,1.47,20.13,30.65
10:02:19,14.14,30.1,0,31.98,0.06,30.21,1.34,20.15,30.65
10:02:24,14.15,30.1,0,31.98,0.07,30.25,1.59,20.15,30.65
10:02:29,14.16,30.04,0,31.98,0.06,30.25,1.34,20.14,30.65
10:02:34,14.16,30.04,0,31.98,0.06,30.25,1.47,20.13,30.65
10:02:39,14.16,30.04,0,31.98,0.06,30.25,1.34,20.13,30.65
10:02:44,14.16,30.1,0,31.92,0.06,30.25,1.59,20.15,30.65
10:02:49,14.16,30.1,0,31.92,0.06,30.25,1.59,20.15,30.65
10:02:54,14.14,30.14,0,31.98,0.07,30.25,1.47,20.15,30.71
10:02:59,14.16,30.14,0,31.98,0.06,30.25,1.34,20.14,30.71
10:03:04,14.15,30.1,0,32.05,0.06,30.25,1.47,20.13,30.71
10:03:09,14.14,30.1,0,31.92,0.06,30.25,1.34,20.14,30.71
10:03:14,14.16,30.1,0,31.92,0.06,30.25,1.34,20.13,30.71
10:03:19,14.14,30.14,0,31.92,0.06,30.25,1.47,20.13,30.71
10:03:24,14.14,30.14,0,31.92,0.07,30.25,1.47,20.13,30.71
10:03:29,14.15,30.1,0,31.98,0.06,30.25,1.47,20.14,30.71
10:03:34,14.15,30.1,0,31.98,0.06,30.25,1.34,20.14,30.71
10:03:39,14.14,30.1,0,31.98,0.07,30.25,1.59,20.14,30.71
10:03:44,14.16,30.14,0,31.98,0.06,30.25,1.47,20.16,30.65
10:03:49,14.15,30.14,0,31.98,0.07,30.25,1.47,20.15,30.65
10:03:54,14.16,30.1,0,31.98,0.07,30.25,1.47,20.15,30.71
10:03:59,14.15,30.1,0,31.98,0.06,30.25,1.47,20.15,30.71
10:04:04,14.14,30.14,0,31.98,0.06,30.25,1.47,20.14,30.75
10:04:09,14.16,30.14,0,31.98,0.06,30.25,1.59,20.15,30.75
10:04:14,14.15,30.14,0,31.98,0.06,30.25,1.47,20.15,30.75
10:04:19,14.16,30.1,0,31.98,0.06,30.25,1.47,20.14,30.71
10:04:24,14.17,30.1,0,31.98,0.06,30.25,1.47,20.14,30.71
10:04:29,14.15,30.14,0,31.98,0.07,30.25,1.34,20.14,30.75
10:04:34,14.15,30.14,0,31.98,0.06,30.25,1.47,20.13,30.75
10:04:39,14.14,30.14,0,31.98,0.06,30.25,1.59,20.14,30.75
10:04:44,14.15,30.14,0,31.98,0.06,30.25,1.47,20.15,30.71
10:04:49,14.14,30.14,0,31.98,0.06,30.31,1.59,20.15,30.71
10:04:54,14.16,30.1,0,31.98,0.06,30.31,1.47,20.15,30.71
10:04:59,14.16,30.1,0,31.98,0.06,30.31,1.47,20.14,30.71
10:05:04,14.14,30.21,0,32.05,0.06,30.25,1.34,20.14,30.75
10:05:09,14.17,30.21,0,32.05,0.06,30.25,1.47,20.13,30.75
10:05:14,14.15,30.21,0,32.05,0.06,30.25,1.59,20.13,30.75
10:05:19,14.14,30.14,0,32.05,0.07,30.25,1.47,20.14,30.71
10:05:24,14.14,30.14,0,32.05,0.06,30.25,1.59,20.15,30.71
10:05:29,14.16,30.14,0,32.05,0.06,30.25,1.47,20.15,30.71
10:05:34,14.14,30.14,0,32.05,0.06,30.25,1.47,20.14,30.71
10:05:39,14.14,30.14,0,32.05,0.06,30.25,1.34,20.15,30.71
10:05:44,14.16,30.14,0,32.05,0.06,30.25,1.34,20.13,30.71
10:05:49,14.15,30.14,0,32.05,0.06,30.25,1.47,20.13,30.71
10:05:54,14.14,30.1,0,31.98,0.06,30.25,1.34,20.14,30.65
10:05:59,14.15,30.1,0,31.98,0.06,30.25,1.47,20.14,30.65
10:06:04,14.16,30.1,0,32.05,0.06,30.25,1.59,20.15,30.71
10:06:09,14.17,30.1,0,32.05,0.06,30.25,1.47,20.15,30.71
10:06:14,14.16,30.1,0,32.05,0.07,30.25,1.59,20.14,30.71
10:06:19,14.15,30.14,0,32.11,0.07,30.25,1.47,20.14,30.75
10:06:24,14.19,30.14,0,32.11,0.07,30.25,1.59,20.13,30.75
10:06:29,14.14,30.14,0,32.11,0.06,30.25,1.47,20.15,30.75
10:06:34,14.16,30.14,0,32.11,0.06,30.25,1.47,20.14,30.75
10:06:39,14.15,30.14,0,32.11,0.06,30.25,1.59,20.14,30.75
10:06:44,14.17,30.1,0,32.11,0.06,30.25,1.47,20.15,30.75
10:06:49,14.19,30.1,0,32.11,0.06,30.25,1.47,20.14,30.75
10:06:54,14.16,30.1,0,32.11,0.06,30.25,1.59,20.14,30.71
10:06:59,14.15,30.1,0,32.11,0.07,30.25,1.47,20.13,30.71
10:07:04,14.17,30.1,0,32.05,0.07,30.25,1.47,20.15,30.71
10:07:09,14.15,30.1,0,32.05,0.06,30.25,1.47,20.14,30.71
10:07:14,14.14,30.1,0,32.05,0.06,30.25,1.59,20.14,30.71
10:07:19,14.14,30.1,0,32.11,0.07,30.25,1.47,20.16,30.71
10:07:24,14.17,30.1,0,32.11,0.06,30.31,1.47,20.16,30.71
10:07:29,14.15,30.1,0,32.05,0.06,30.31,1.59,20.14,30.65
10:07:34,14.15,30.1,0,32.05,0.06,30.31,1.59,20.15,30.65
10:07:39,14.17,30.1,0,32.05,0.06,30.31,1.47,20.16,30.65
10:07:44,14.18,30.14,0,32.15,0.06,30.31,1.59,20.14,30.75
10:07:49,14.17,30.14,0,32.15,0.06,30.31,1.59,20.14,30.75
10:07:54,14.17,30.1,0,32.11,0.06,30.31,1.47,20.16,30.75
10:07:59,14.16,30.1,0,32.11,0.06,30.31,1.47,20.15,30.75
10:08:04,14.16,30.1,0,32.11,0.06,30.31,1.59,20.14,30.71
10:08:09,14.15,30.1,0,32.11,0.06,30.31,1.47,20.15,30.75
10:08:14,14.15,30.1,0,32.11,0.06,30.31,1.34,20.14,30.75
10:08:19,14.16,30.1,0,32.15,0.06,30.31,1.34,20.13,30.75
10:08:24,14.14,30.1,0,32.15,0.06,30.31,1.47,20.13,30.75
10:08:29,14.16,30.1,0,32.11,0.06,30.31,1.59,20.14,30.71
10:08:34,14.16,30.1,0,32.11,0.06,30.31,1.47,20.14,30.71
10:08:39,14.16,30.1,0,32.11,0.06,30.31,1.47,20.13,30.71
10:08:44,14.14,30.04,0,32.11,0.06,30.31,1.34,20.13,30.71
10:08:49,14.15,30.04,0,32.11,0.07,30.31,1.47,20.14,30.71
10:08:54,14.14,30.1,0,32.11,0.06,30.31,1.47,20.14,30.71
10:08:59,14.14,30.1,0,32.11,0.06,30.31,1.47,20.14,30.71
10:09:04,14.16,30.04,0,32.11,0.06,30.31,1.47,20.14,30.71
10:09:09,14.18,30.04,0,32.11,0.06,30.31,1.59,20.13,30.71
10:09:14,14.14,30.04,0,32.11,0.07,30.31,1.47,20.14,30.71
10:09:19,14.15,30.04,0,32.11,0.06,30.31,1.47,20.13,30.71
10:09:24,14.16,30.04,0,32.11,0.06,30.31,1.59,20.13,30.71
10:09:29,14.17,30.04,0,32.11,0.06,30.31,1.47,20.14,30.71
10:09:34,14.16,30.04,0,32.11,0.06,30.31,1.47,20.14,30.71
10:09:39,14.14,30.04,0,32.11,0.06,30.37,1.34,20.13,30.71
10:09:44,14.16,30.04,0,32.11,0.06,30.37,1.59,20.13,30.65
10:09:49,14.16,30.04,0,32.11,0.06,30.37,1.59,20.15,30.65
10:09:54,14.17,30.1,0,32.15,0.06,30.37,1.47,20.14,30.75
10:09:59,14.16,30.1,0,32.15,0.06,30.37,1.47,20.15,30.75
10:10:04,14.18,30.1,0,32.15,0.06,30.37,1.47,20.13,30.71
10:10:09,14.13,30.1,0,32.15,0.06,30.37,1.47,20.13,30.71
10:10:14,14.14,30.1,0,32.15,0.06,30.37,1.47,20.13,30.71
10:10:19,14.16,30.1,0,32.11,0.06,30.37,1.34,20.14,30.71
10:10:24,14.16,30.1,0,32.11,0.06,30.37,1.34,20.13,30.71
10:10:29,14.16,30.04,0,32.15,0.06,30.37,1.47,20.13,30.71
10:10:34,14.16,30.04,0,32.15,0.07,30.37,1.47,20.13,30.71
10:10:39,14.16,30.04,0,32.15,0.06,30.37,1.47,20.14,30.71
10:10:44,14.17,30.1,0,32.11,0.06,30.37,1.47,20.14,30.71
10:10:49,14.14,30.1,0,32.11,0.06,30.37,1.47,20.13,30.71
10:10:54,14.17,30.1,0,32.11,0.06,30.37,1.47,20.16,31.11
10:10:59,14.14,30.1,0,32.11,0.06,30.37,1.47,20.16,31.11
10:11:04,14.11,30.04,14,32.11,0.06,30.31,1.47,20.17,31.34
10:11:09,14.04,30.04,18.34,32.11,0.06,30.31,1.47,20.15,31.34
10:11:14,14.01,30.04,23.28,32.11,0.06,30.31,1.47,12.9,31.34
10:11:19,14.01,30.04,21.85,32.11,0.06,30.31,1.47,8.11,33.22
10:11:24,13.99,30.04,22.25,32.11,0.06,30.31,1.47,6.95,33.22
10:11:29,13.98,30.1,22.45,32.15,0.06,30.31,1.34,6.23,38.46
10:11:34,13.98,30.1,20.29,32.15,0.06,30.31,1.34,5.84,38.46
10:11:39,13.98,30.1,24.24,32.15,0.06,30.31,1.59,5.19,38.46
10:11:44,13.95,30.04,21.42,32.15,0.06,30.31,1.59,4.9,43.27
10:11:49,13.94,30.04,23.01,32.15,0.07,30.37,1.59,4.77,43.27
10:11:54,13.91,30.04,19.43,32.15,0.06,30.37,1.47,4.74,46.81
10:11:59,13.92,30.04,22.46,32.15,0.06,30.37,1.47,4.7,46.81
10:12:04,13.92,30.04,23.31,32.15,0.06,30.37,1.47,4.68,48.98
10:12:09,13.9,30.04,21.14,32.15,0.06,30.37,1.47,4.64,48.98
10:12:14,13.89,30.04,26.5,32.15,0.06,30.37,1.47,4.58,48.98
10:12:19,13.88,30.04,23.66,32.15,0.06,30.37,1.34,4.52,50.82
10:12:24,13.86,30.04,25.12,32.15,0.06,30.37,1.47,4.47,50.82
10:12:29,13.87,30,20.27,32.15,0.06,30.37,1.59,4.41,52.41
10:12:34,13.86,30,25.34,32.15,0.06,30.37,1.47,4.36,52.41
10:12:39,13.85,30,26.18,32.15,0.06,30.37,1.47,4.32,52.41
10:12:44,13.84,30.04,22.26,32.15,0.06,30.37,1.47,4.29,53.68
10:12:49,13.84,30.04,21.56,32.15,0.06,30.37,1.47,4.28,53.68
10:12:54,13.85,30.04,23.38,32.15,0.07,30.37,1.59,4.24,54.88
10:12:59,13.87,30.04,21.58,32.15,0.07,30.37,1.47,4.19,54.88
10:13:04,13.86,30.04,26.57,32.15,0.06,30.44,1.47,4.11,55.98
10:13:09,13.84,30.04,24.88,32.15,0.06,30.44,1.47,4.08,55.98
10:13:14,13.86,30.04,24.77,32.15,0.06,30.44,1.47,4.08,55.98
10:13:19,13.83,30,23.3,32.15,0.07,30.44,1.47,4.07,57.05
10:13:24,13.84,30,22.98,32.15,0.07,30.21,1.47,4.08,57.05
10:13:29,13.85,30,24.08,32.15,0.07,30.21,1.47,4.08,57.72
10:13:34,13.86,30,24.88,32.15,0.07,30.21,1.59,4.08,57.72
10:13:39,13.88,30,24.3,32.15,0.08,30.1,1.59,4.08,57.72
10:13:44,13.86,30,23.16,32.15,0.07,30.1,1.47,4.07,58.22
10:13:49,13.85,30,24.09,32.15,0.07,30.44,1.59,4.05,58.22
10:13:54,13.86,30,23.93,32.15,0.09,30.44,1.59,4.03,58.99
10:13:59,13.86,30,26.44,32.15,0.09,30.44,58.23,4,58.99
10:14:04,13.86,30,24.81,32.21,0.08,30.71,59.82,4,59.93
10:14:09,13.87,30,27.39,32.21,0.08,30.71,1.59,4,59.93
10:14:14,13.87,30,23.99,32.21,0.09,30.71,1.59,4.02,59.93
10:14:19,13.86,30,22.57,32.21,0.08,30.71,1.59,4.02,61.21
10:14:24,13.86,30,30.92,32.21,0.08,34.28,1.47,4.02,61.21
10:14:29,13.86,29.85,27.28,32.21,0.08,34.28,1.59,4,62.82
10:14:34,13.88,29.85,26.29,32.21,0.07,34.28,1.59,4.01,62.82
10:14:39,13.85,29.85,26.25,32.21,0.07,39.28,70.08,4,62.82
10:14:44,13.84,29.85,25.87,32.21,0.07,39.28,76.06,3.99,64.53
10:14:49,13.85,29.85,23.98,32.21,0.07,77.33,93.27,3.98,64.53
10:14:54,13.84,29.85,26.39,32.15,0.06,77.33,112.56,3.99,66.27
10:14:59,13.86,29.85,23.91,32.15,0.07,77.33,122.33,3.98,66.27
10:15:04,13.84,29.79,24.79,32.15,0.07,121.23,125.87,3.96,67.98
10:15:09,13.86,29.79,26.65,32.15,0.07,121.23,130.51,3.96,67.98
10:15:14,13.86,29.79,25.01,32.15,0.07,137.57,132.46,3.96,67.98
10:15:19,13.84,29.85,24.03,32.21,0.07,137.57,135.51,3.97,69.53
10:15:24,13.86,29.85,23.41,32.21,0.07,146.81,137.35,3.97,69.53
10:15:29,13.84,29.79,23.25,32.15,0.07,146.81,132.22,3.97,71.14
10:15:34,13.84,29.79,22.6,32.15,0.07,146.81,130.88,3.96,71.14
10:15:39,13.86,29.79,24.31,32.15,0.06,152.29,133.56,3.96,71.14
10:15:44,13.87,29.79,22.73,32.21,0.07,152.29,137.47,3.95,72.62
10:15:49,13.85,29.79,24.19,32.21,0.07,156.74,140.52,3.96,72.62
10:15:54,13.86,29.79,22.56,32.21,0.07,156.74,144.43,3.96,74.15
10:15:59,13.87,29.79,22.98,32.21,0.07,156.74,146.62,3.96,74.15
10:16:04,13.88,29.79,22.36,32.21,0.07,160.76,150.53,3.96,75.76
10:16:09,13.86,29.79,23.01,32.21,0.07,160.76,155.17,3.96,75.76
10:16:14,13.84,29.79,23.22,32.21,0.07,164.63,158.83,3.96,75.76
10:16:19,13.9,29.79,11.02,32.21,0.07,164.63,158.1,3.97,77.1
10:16:24,13.88,29.79,12,32.21,0.07,167.34,153.09,3.93,77.1
10:16:29,13.88,29.75,12.59,32.21,0.06,167.34,143.08,3.86,76.83
10:16:34,13.89,29.75,13.35,32.21,0.06,167.34,126.72,3.77,76.83
10:16:39,13.88,29.75,12.71,32.21,0.07,169.68,122.33,3.7,76.83
10:16:44,13.92,29.79,11.79,32.28,0.07,169.68,122.94,3.64,76.43
10:16:49,13.89,29.79,13.44,32.28,0.07,172.11,125.63,3.61,76.43
10:16:54,13.88,29.79,10.36,32.21,0.07,172.11,131,3.6,76.16
10:16:59,13.89,29.79,12.33,32.21,0.07,172.11,134.05,3.61,76.16
10:17:04,13.92,29.85,0,32.34,0.07,174.18,132.58,3.61,76.03
10:17:09,13.9,29.85,0,32.34,0.07,174.18,117.57,9.54,76.03
10:17:14,13.94,29.85,0,32.34,0.08,173.47,105.97,15.11,76.03
10:17:19,13.93,29.85,0,32.34,0.07,173.47,100.35,17.68,77.1
10:17:24,13.94,29.85,0,32.34,0.07,170.1,97.06,18.38,77.1
10:17:29,13.95,29.91,0,32.34,0.07,170.1,93.88,18.67,77.93
10:17:34,13.92,29.91,0,32.34,0.07,170.1,90.22,19,77.93
10:17:39,13.94,29.91,0,32.34,0.07,163.33,86.92,19.23,77.93
10:17:44,13.96,29.91,0,32.34,0.07,163.33,83.63,19.34,77.77
10:17:49,13.95,29.91,0,32.34,0.07,159.86,80.7,19.44,77.77
10:17:54,13.95,30,0,32.34,0.07,159.86,78.01,19.54,78.62
10:17:59,13.97,30,0,32.34,0.07,159.86,76.06,19.59,78.62
10:18:04,13.92,29.85,15.33,32.34,0.07,157.1,74.23,19.63,78.39
10:18:09,13.92,29.85,13.69,32.34,0.07,157.1,83.38,17.31,78.33
10:18:14,13.92,29.85,13.91,32.34,0.07,160.21,90.47,9.26,78.33
10:18:19,13.91,30,15.53,32.4,0.07,160.21,94.98,7.19,78.16
10:18:24,13.92,30,13.81,32.4,0.07,163.81,99.01,6.02,78.16
10:18:29,13.91,30,13.54,32.4,0.08,163.81,102.67,5.37,78.04
10:18:34,13.89,30,12.99,32.4,0.08,163.81,106.09,4.54,78.04
10:18:39,13.92,30,14.81,32.4,0.08,166.61,109.14,4.07,78.04
10:18:44,13.92,29.91,11.99,32.4,0.09,166.61,112.32,3.93,78.04
10:18:49,13.89,29.91,15,32.4,0.09,169.33,115.37,3.87,78.04
10:18:54,13.9,29.91,10.29,32.4,0.08,169.33,118.06,3.82,78.16
10:18:59,13.89,29.91,14.41,32.4,0.09,169.33,120.13,3.78,78.16
10:19:04,13.89,29.91,11.58,32.4,0.1,172.11,123.31,3.77,78.52
10:19:09,13.91,29.91,11.53,32.4,0.09,172.11,125.75,3.75,78.52
10:19:14,13.93,29.91,0,32.4,0.08,174.62,121.84,3.74,78.52
10:19:19,13.94,29.91,0,32.4,0.09,174.62,109.75,8.14,78.94
10:19:24,13.95,29.91,0,32.4,0.08,173.15,97.42,14.99,78.94
10:19:29,13.95,29.91,0,32.4,0.08,173.15,87.66,17.68,80.71
10:19:34,13.96,29.91,0,32.4,0.07,173.15,84.12,18.45,80.71
10:19:39,13.97,29.91,0,32.4,0.07,167.64,82.04,18.82,80.71
10:19:44,13.95,30.04,0,32.47,0.07,167.64,79.97,19.18,82.26
10:19:49,13.97,30.04,0,32.47,0.07,163.56,78.01,19.37,82.26
10:19:54,13.97,30.04,0,32.47,0.07,163.56,75.94,19.47,82.32
10:19:59,13.97,30.04,0,32.47,0.07,163.56,73.74,19.56,82.32
10:20:04,13.98,30.04,0,32.4,0.07,160.05,72.76,19.63,83.45
10:20:09,13.97,30.04,0,32.4,0.07,160.05,71.18,19.67,83.45
10:20:14,13.95,30.04,0,32.4,0.07,157.33,69.47,19.72,83.45
10:20:19,13.9,30,13.85,32.47,0.07,157.33,71.42,19.88,83.03
10:20:24,13.91,30,12.26,32.47,0.07,161.28,81.06,12.7,83.03
10:20:29,13.91,30,13.45,32.51,0.07,161.28,86.56,8.16,81.86
10:20:34,13.9,30,13.02,32.51,0.08,161.28,90.59,6.59,81.86
10:20:39,13.9,30,12.94,32.51,0.08,165.27,93.76,5.71,81.86
10:20:44,13.89,30,11.16,32.47,0.08,165.27,97.79,5.11,80.61
10:20:49,13.89,30,12.92,32.47,0.08,168.1,101.09,4.27,80.61
10:20:54,13.9,30.04,12.93,32.47,0.08,168.1,104.63,4.02,79.69
10:20:59,13.89,30.04,12.37,32.47,0.08,168.1,108.66,3.9,79.69
10:21:04,13.88,30,11.55,32.51,0.08,170.81,111.34,3.86,79
10:21:09,13.89,30,11.28,32.51,0.08,170.81,113.78,3.82,79
10:21:14,13.9,30,10.99,32.51,0.08,173.64,115.61,3.78,79
10:21:19,13.92,30,0,32.51,0.09,173.64,115.61,3.77,78.52
10:21:24,13.94,30,0,32.51,0.09,174.3,101.33,8.58,78.52
10:21:29,13.96,30,0,32.51,0.08,174.3,88.39,14.95,79.17
10:21:34,13.95,30,0,32.51,0.08,174.3,81.19,17.83,79.17
10:21:39,13.97,30,0,32.51,0.08,171.42,77.28,18.5,79.17
10:21:44,13.94,30,0,32.47,0.08,171.42,75.2,18.92,80.25
10:21:49,13.96,30,0,32.47,0.08,167.41,74.84,19.22,80.25
10:21:54,13.94,30.04,0,32.51,0.08,167.41,72.76,19.38,80.38
10:21:59,13.97,30.04,0,32.51,0.08,167.41,70.93,19.5,80.38
10:22:04,13.97,30.04,0,32.57,0.08,163.39,69.22,19.59,80.82
10:22:09,13.96,30.04,0,32.57,0.08,163.39,67.64,19.66,80.82
10:22:14,13.98,30.04,0,32.57,0.08,159.8,66.66,19.72,80.82
10:22:19,13.99,30,0,32.51,0.08,159.8,66.05,19.75,81.8
10:22:24,13.92,30,15.84,32.51,0.08,157.56,67.15,19.93,81.8
10:22:29,13.92,30.04,13.88,32.57,0.08,157.56,75.2,16.44,81.7
10:22:34,13.92,30.04,12.95,32.57,0.08,157.56,85.34,8.36,81.7
10:22:39,13.9,30.04,14.11,32.57,0.08,164.75,90.59,6.76,81.7
10:22:44,13.91,30,10.88,32.57,0.08,164.75,95.71,5.87,81.63
10:22:49,13.89,30,11.78,32.57,0.09,168.22,99.74,5.24,81.63
10:22:54,13.91,30.04,13.12,32.57,0.09,168.22,103.65,4.43,81.86
10:22:59,13.91,30.04,12.91,32.57,0.1,168.22,107.19,4.06,81.86
10:23:04,13.91,30,13.14,32.63,0.1,171.17,111.1,3.91,82.03
10:23:09,13.89,30,12.37,32.63,0.1,171.17,114.64,3.85,82.03
10:23:14,13.92,30,0,32.63,0.11,173.99,116.35,3.83,82.03
10:23:19,13.96,30,0,32.63,0.11,173.99,106.21,4.73,82.43
10:23:24,13.95,30,0,32.63,0.11,173.74,91.56,13.22,82.43
10:23:29,13.95,30,0,32.76,0.11,173.74,81.92,17.28,84.29
10:23:34,13.95,30,0,32.76,0.11,173.74,78.26,18.42,84.29
10:23:39,14,30,0,32.76,0.11,170.46,77.04,18.86,84.29
10:23:44,13.97,30.04,0,32.93,0.11,170.46,76.06,19.26,85.75
10:23:49,13.96,30.04,0,32.93,0.11,166.61,74.96,19.45,85.75
10:23:54,14,30,0,33.16,0.11,166.61,73.62,19.56,85.71
10:23:59,13.98,30,0,33.16,0.11,166.61,72.15,19.64,85.71
10:24:04,14,30.1,0,33.41,0.11,163.33,70.44,19.67,86.4
10:24:09,13.98,30.1,0,33.41,0.11,163.33,68.86,19.74,86.4
10:24:14,13.97,30.1,0,33.41,0.11,160.76,67.64,19.8,86.4
10:24:19,13.99,30.1,0,34.45,0.12,160.76,67.27,19.89,87.49
10:24:24,13.94,30.1,12.21,34.45,0.12,158.75,67.51,20.06,87.49
10:24:29,13.95,30.04,12.19,35.52,0.12,158.75,77.16,17.04,86.5
10:24:34,13.9,30.04,9.65,35.52,0.12,158.75,83.38,9.09,86.5
10:24:39,13.91,30.04,10.88,35.52,0.13,164.69,87.41,6.89,86.5
10:24:44,13.91,30.04,12.53,36.04,0.13,164.69,91.69,5.87,85.25
10:24:49,13.9,30.04,13.58,36.04,0.14,167.93,95.84,5.29,85.25
10:24:54,13.9,30.1,12.26,36.37,0.14,167.93,100.23,4.53,84.23
10:24:59,13.88,30.1,13.39,36.37,0.15,167.93,104.26,4.03,84.23
10:25:04,13.9,30.04,10.52,36.6,0.15,170.75,108.05,3.89,83.35
10:25:09,13.89,30.04,11.84,36.6,0.15,170.75,111.71,3.85,83.35
10:25:14,13.9,30.04,11.6,36.6,0.16,173.47,114.88,3.82,83.35
10:25:19,13.94,30.04,0,36.94,0.17,173.47,113.42,3.82,82.83
10:25:24,13.95,30.04,0,36.94,0.18,174.05,98.16,9.54,82.83
10:25:29,13.95,30.04,0,37.04,0.18,174.05,85.7,15.52,83.1
10:25:34,13.97,30.04,0,37.04,0.18,174.05,79.36,17.96,83.1
10:25:39,13.95,30.04,0,37.04,0.18,171.55,76.55,18.56,83.1
10:25:44,13.96,30.04,0,37.21,0.18,171.55,74.47,19.05,84
10:25:49,13.95,30.04,0,37.21,0.18,168.28,72.76,19.32,84
10:25:54,13.96,30.04,0,37.34,0.18,168.28,71.54,19.45,83.87
10:25:59,13.97,30.04,0,37.34,0.17,168.28,71.05,19.56,83.87
10:26:04,13.96,30.1,0,37.57,0.17,164.88,69.71,19.63,84
10:26:09,13.97,30.1,0,37.57,0.16,164.88,68.37,19.69,84
10:26:14,13.97,30.1,0,37.57,0.15,161.99,66.78,19.75,84
10:26:19,13.97,30.1,0,37.69,0.15,161.99,66.29,19.8,84.94
10:26:24,13.95,30.1,11.53,37.69,0.15,159.55,66.9,19.99,84.94
10:26:29,13.91,30.1,9.87,38.11,0.15,159.55,77.16,18.2,84.81
10:26:34,13.92,30.1,12.19,38.11,0.16,159.55,82.77,9.85,84.81
10:26:39,13.91,30.1,12.34,38.11,0.16,164.5,86.92,7.03,84.81
10:26:44,13.9,30.04,13.67,38.92,0.17,164.5,90.22,5.93,84.1
10:26:49,13.9,30.04,11.44,38.92,0.17,167.41,94.49,5.27,84.1
10:26:54,13.9,30.04,11.01,39.41,0.17,167.41,98.89,4.67,83.22
10:26:59,13.91,30.04,12.33,39.41,0.18,167.41,102.67,4.08,83.22
10:27:04,13.89,30.04,10.67,39.87,0.18,170.5,106.7,3.91,82.37
10:27:09,13.88,30.04,10.58,39.87,0.19,170.5,109.75,3.83,82.37
10:27:14,13.89,30.04,11.27,39.87,0.19,173.28,113.54,3.79,82.37
10:27:19,13.91,30.1,0,40.1,0.19,173.28,114.76,3.8,81.76
10:27:24,13.96,30.1,0,40.1,0.2,174.37,107.19,7.91,81.76
10:27:29,13.95,30.1,0,40.28,0.2,174.24,90.34,15.16,81.93
10:27:34,13.95,30.1,0,40.28,0.2,174.24,81.43,17.89,81.93
10:27:39,13.96,30.1,0,40.28,0.19,171.86,78.01,18.48,81.93
10:27:44,13.96,30.04,0,40.45,0.19,171.86,75.69,18.98,82.6
10:27:49,13.97,30.04,0,40.45,0.18,168.28,73.62,19.3,82.6
10:27:54,13.95,30.1,0,40.58,0.18,168.28,73.62,19.47,82.53
10:27:59,13.96,30.1,0,40.58,0.17,168.28,72.52,19.58,82.53
10:28:04,13.96,30.14,0,40.74,0.17,165.5,70.69,19.64,82.16
10:28:09,13.97,30.14,0,40.74,0.17,165.5,68,19.72,82.16
10:28:14,13.98,30.14,0,40.74,0.17,163.1,67.64,19.77,82.16
10:28:19,13.97,30.1,0,40.93,0.17,163.1,67.39,19.85,83.28
10:28:24,14,30.1,0,40.93,0.16,160.8,66.05,20.02,83.28
10:28:29,13.92,30.1,12.35,40.99,0.16,160.8,68.98,20.13,83.22
10:28:34,13.92,30.1,13.2,40.99,0.17,160.8,79.6,15.82,83.22
10:28:39,13.91,30.1,12.31,40.99,0.17,163.81,85.83,8.18,83.22
10:28:44,13.91,30.14,10.2,41.04,0.18,163.81,90.1,6.6,83.35
10:28:49,13.88,30.14,15.2,41.04,0.18,167.47,94.74,5.75,83.35
10:28:54,13.88,30.1,14.81,41.14,0.18,167.47,99.01,5.17,83.39
10:28:59,13.92,30.1,12.07,41.14,0.19,167.47,103.89,4.47,83.39
10:29:04,13.9,30.1,13.95,41.27,0.19,170.75,108.9,4.07,83.68
10:29:09,13.91,30.1,13.25,41.27,0.21,170.75,112.07,3.91,83.68
10:29:14,13.89,30.1,10.16,41.27,0.21,173.74,115.74,3.82,83.68
10:29:19,13.95,30.1,0,41.33,0.21,173.74,110.61,3.78,83.93
10:29:24,13.96,30.1,0,41.33,0.21,173.93,99.26,11.23,83.93
10:29:29,13.97,30.1,0,41.37,0.22,173.93,87.05,16.43,85.38
10:29:34,13.97,30.1,0,41.37,0.21,173.93,77.52,18.25,85.38
10:29:39,13.97,30.1,0,41.37,0.21,171.67,76.18,18.77,85.38
10:29:44,13.95,30.14,0,41.43,0.21,171.67,74.96,19.2,86.99
10:29:49,13.98,30.14,0,41.43,0.21,168.87,73.62,19.41,86.99
10:29:54,14,30.14,0,41.6,0.21,168.87,73.5,19.52,87.26
10:29:59,13.98,30.14,0,41.6,0.2,168.87,73.13,19.61,87.26
10:30:04,13.97,30.14,0,41.6,0.2,166.17,71.54,19.69,86.92
10:30:09,13.96,30.14,0,41.6,0.2,166.17,70.81,19.74,86.92
10:30:14,13.98,30.14,0,41.6,0.19,163.33,68.98,19.79,86.92
10:30:19,13.97,30.21,0,41.64,0.19,163.33,68.73,19.84,88.47
10:30:24,13.99,30.21,0,41.64,0.19,161.41,67.88,20.05,88.47
10:30:29,13.94,30.21,14.28,41.87,0.19,161.41,70.08,20.16,88.51
10:30:34,13.9,30.21,11.79,41.87,0.19,161.41,78.99,16.1,88.51
10:30:39,13.92,30.21,12.93,41.87,0.2,164.33,85.22,8.59,88.51
10:30:44,13.91,30.14,13.54,42.17,0.2,164.33,89.61,6.88,87.82
10:30:49,13.9,30.14,10.79,42.17,0.2,167.57,94.01,5.92,87.82
10:30:54,13.9,30.14,13.68,42.33,0.2,167.57,98.28,5.35,86.82
10:30:59,13.89,30.14,11.52,42.33,0.2,167.57,102.55,4.47,86.82
10:31:04,13.92,30.14,0,42.56,0.21,170.46,106.58,4.03,85.94
10:31:09,13.9,30.14,10.35,42.56,0.22,170.46,111.1,3.89,85.94
10:31:14,13.91,30.14,12.79,42.56,0.22,173.41,114.03,3.82,85.94
10:31:19,13.93,30.14,0,42.56,0.22,173.41,113.78,3.76,85.21
10:31:24,13.97,30.14,0,42.56,0.22,174.18,104.02,9.08,85.21
10:31:29,13.96,30.14,0,42.56,0.22,174.18,89.37,15.47,85.44
10:31:34,13.95,30.14,0,42.56,0.22,174.18,79.72,17.81,85.44
10:31:39,13.95,30.14,0,42.56,0.22,171.67,77.04,18.41,85.44
10:31:44,13.97,30.14,0,42.63,0.21,171.67,75.08,18.9,86.11
10:31:49,13.95,30.14,0,42.63,0.2,168.41,74.11,19.25,86.11
10:31:54,13.95,30.25,0,42.69,0.21,168.41,73.01,19.41,85.98
10:31:59,13.97,30.25,0,42.69,0.2,168.41,71.79,19.52,85.98
10:32:04,13.97,30.25,0,42.75,0.2,165.69,70.32,19.6,85.61
10:32:09,13.97,30.25,0,42.75,0.2,165.69,69.47,19.67,85.61
10:32:14,13.97,30.25,0,42.75,0.2,163.33,68.12,19.73,85.61
10:32:19,13.99,30.21,0,42.81,0.19,163.33,66.78,19.77,86.63
10:32:24,13.98,30.21,0,42.81,0.19,161.03,66.9,20,86.63
10:32:29,13.91,30.21,12.3,42.88,0.19,161.03,71.54,20.12,86.57
10:32:34,13.93,30.21,11.5,42.88,0.19,161.03,80.58,14.26,86.57
10:32:39,13.89,30.21,13.23,42.88,0.19,164.23,85.83,8.11,86.57
10:32:44,13.91,30.21,12.12,42.88,0.2,164.23,90.34,6.45,86.63
10:32:49,13.89,30.21,12.54,42.88,0.2,167.87,94.98,5.54,86.63
10:32:54,13.9,30.14,8.45,42.88,0.2,167.87,98.77,5.02,86.63
10:32:59,13.92,30.14,11.97,42.88,0.21,167.87,104.02,4.32,86.63
10:33:04,13.9,30.21,9.3,42.94,0.21,171.04,109.51,3.98,86.82
10:33:09,13.91,30.21,11.37,42.94,0.22,171.04,113.42,3.85,86.82
10:33:14,13.9,30.21,0,42.94,0.22,174.3,114.76,3.8,86.82
10:33:19,13.96,30.21,0,42.98,0.22,174.3,103.04,8.09,87.09
10:33:24,13.95,30.21,0,42.98,0.22,173.34,90.22,14.89,87.09
10:33:29,13.96,30.21,0,42.98,0.21,173.34,82.16,17.65,88.8
10:33:34,13.96,30.21,0,42.98,0.21,173.34,77.28,18.56,88.8
10:33:39,13.96,30.21,0,42.98,0.21,170.94,74.59,19.09,88.8
10:33:44,13.98,30.25,0,42.98,0.2,170.94,73.62,19.38,90.1
10:33:49,13.97,30.25,0,42.98,0.19,168.41,73.01,19.52,90.1
10:33:54,13.96,30.25,0,43.04,0.2,168.41,72.88,19.61,90
10:33:59,13.99,30.25,0,43.04,0.19,168.41,72.4,19.69,90
10:34:04,13.97,30.25,0,43.11,0.19,165.86,71.18,19.77,90.16
10:34:09,13.98,30.25,0,43.11,0.19,165.86,70.08,19.84,90.16
10:34:14,13.98,30.25,0,43.11,0.19,163.39,69.59,19.87,90.16
10:34:19,13.98,30.31,0,43.11,0.19,163.39,69.71,20.01,91.48
10:34:24,13.97,30.31,0,43.11,0.19,162.41,69.59,20.14,91.48
10:34:29,13.92,30.25,11.17,43.11,0.19,162.41,75.69,19.99,91.54
10:34:34,13.92,30.25,10.96,43.11,0.19,162.41,84.85,12.32,91.54
10:34:39,13.92,30.25,11.23,43.11,0.19,165.57,90.59,7.56,91.54
10:34:44,13.9,30.25,13.36,43.17,0.2,165.57,95.47,6.13,91.61
10:34:49,13.9,30.25,12.85,43.17,0.21,169.33,99.99,5.54,91.61
10:34:54,13.91,30.21,13.54,43.17,0.2,169.33,105.36,4.93,91.71
10:34:59,13.89,30.21,11.71,43.17,0.21,169.33,110.24,4.11,91.71
10:35:04,13.89,30.21,0,43.11,0.21,172.57,114.15,3.9,91.88
10:35:09,13.93,30.21,0,43.11,0.22,172.57,115.49,3.8,91.88
10:35:14,13.97,30.21,0,43.11,0.22,174.66,102.06,7.65,91.88
10:35:19,13.98,30.31,0,43.17,0.21,174.66,89.85,15.22,92.86
10:35:24,14,30.31,0,43.17,0.22,172.21,81.19,17.87,92.86
10:35:29,13.96,30.25,0,43.21,0.22,172.21,77.4,18.5,94.57
10:35:34,13.97,30.25,0,43.21,0.21,172.21,76.06,19.01,94.57
10:35:39,13.97,30.25,0,43.21,0.21,169.52,74.96,19.27,94.57
10:35:44,13.98,30.25,0,43.17,0.21,169.52,75.2,19.43,95.22
10:35:49,13.98,30.25,0,43.17,0.21,167.03,74.84,19.56,95.22
10:35:54,13.98,30.31,0,43.17,0.21,167.03,74.11,19.63,94.74
10:35:59,13.98,30.31,0,43.17,0.21,167.03,72.88,19.7,94.74
10:36:04,13.97,30.31,0,43.27,0.2,165.34,70.93,19.75,95.58
10:36:09,13.98,30.31,0,43.27,0.2,165.34,68.98,19.81,95.58
10:36:14,14.01,30.31,0,43.27,0.2,163.1,68.12,20,95.58
10:36:19,13.99,30.37,0,43.34,0.2,163.1,66.54,20.14,95.87
10:36:24,13.92,30.37,12.64,43.34,0.19,161.28,70.32,20.21,95.87
10:36:29,13.94,30.31,11.68,43.57,0.2,161.28,79.97,14.77,94.57
10:36:34,13.92,30.31,11.23,43.57,0.2,161.28,85.34,8.44,94.57
10:36:39,13.92,30.31,12.66,43.57,0.2,165.75,89.12,6.85,94.57
10:36:44,13.9,30.31,10.34,43.63,0.21,165.75,93.4,5.83,93.36
10:36:49,13.89,30.31,13.14,43.63,0.21,168.99,98.03,5.22,93.36
10:36:54,13.92,30.31,12.09,43.63,0.21,168.99,103.89,4.26,92.4
10:36:59,13.89,30.31,10.34,43.63,0.22,168.99,108.05,4.01,92.4
10:37:04,13.89,30.31,12.61,43.63,0.23,172.15,112.32,3.88,91.75
10:37:09,13.92,30.31,0,43.63,0.23,172.15,103.65,3.85,91.75
10:37:14,13.97,30.31,0,43.63,0.22,174.81,95.35,6.03,91.75
10:37:19,13.93,30.37,0,43.63,0.22,174.81,79.36,14.27,91.54
10:37:24,13.93,30.37,0,43.63,0.22,172.92,60.31,17.76,91.54
10:37:29,13.95,30.37,0,43.57,0.22,172.8,57.01,18.41,92.21
10:37:34,13.97,30.37,0,43.57,0.22,172.8,55.18,18.92,92.21
10:37:39,13.95,30.37,0,43.57,0.22,170.5,56.04,19.28,92.21
10:37:44,13.97,30.37,0,43.57,0.22,170.5,55.92,19.45,92.63
10:37:49,13.97,30.37,0,43.57,0.22,168.51,56.53,19.58,92.63
10:37:54,13.97,30.37,0,43.57,0.22,168.51,55.67,19.64,91.98
10:37:59,13.96,30.37,0,43.57,0.21,168.51,55.3,19.7,91.98
10:38:04,13.98,30.37,0,43.63,0.21,166.67,54.33,19.77,91.54
10:38:09,13.98,30.37,0,43.63,0.21,166.67,52.13,19.82,91.54
10:38:14,13.99,30.37,0,43.63,0.21,164.75,51.64,19.94,91.54
10:38:19,13.98,30.37,0,43.69,0.21,164.75,52.86,20.11,92.69
10:38:24,13.98,30.37,0,43.69,0.2,163.62,53.72,20.19,92.69
10:38:29,13.94,30.37,12.9,43.69,0.2,163.62,54.82,20.22,92.86
10:38:34,13.92,30.37,13.38,43.69,0.21,163.62,63.48,16.39,92.86
10:38:39,13.94,30.37,13.58,43.69,0.21,165.57,72.4,8.41,92.86
10:38:44,13.92,30.37,12.17,43.69,0.21,165.57,77.52,6.74,93.05
10:38:49,13.89,30.37,12.26,43.69,0.22,169.56,82.9,5.92,93.05
10:38:54,13.92,30.31,12.38,43.69,0.22,169.56,87.9,5.3,93.09
10:38:59,13.89,30.31,9.97,43.69,0.35,169.56,100.84,4.51,93.09
10:39:04,13.91,30.37,11,43.69,0.39,172.4,141.74,4.1,93.42
10:39:09,13.92,30.37,12.36,43.69,0.41,172.4,157.61,3.95,93.42
10:39:14,13.94,30.37,0,43.69,0.42,174.37,157.73,3.9,93.42
10:39:19,13.96,30.37,0,43.75,0.4,174.37,142.35,11.31,93.99
10:39:24,13.96,30.37,0,43.75,0.42,171.98,142.96,16.72,93.99
10:39:29,13.97,30.37,0,43.75,0.4,171.98,150.9,18.27,95.58
10:39:34,13.95,30.37,0,43.75,0.38,171.98,152,18.81,95.58
10:39:39,13.97,30.37,0,43.75,0.37,167.28,149.92,19.23,95.58
10:39:44,13.97,30.44,0,43.82,0.34,167.28,147.23,19.43,96.77
10:39:49,13.99,30.44,0,43.82,0.34,164.17,143.57,19.58,96.77
10:39:54,13.98,30.44,0,43.75,0.33,164.17,140.89,19.66,97.81
10:39:59,13.99,30.44,0,43.75,0.33,164.17,139.06,19.74,97.81
10:40:04,13.97,30.44,0,43.82,0.37,161.47,143.82,19.8,98.4
10:40:09,13.94,30.44,10.62,43.82,0.41,161.47,164.82,19.85,98.4
10:40:14,13.91,30.44,12.16,43.82,0.43,159.55,180.56,18.06,98.4
10:40:19,13.9,30.44,13.33,43.75,0.51,159.55,206.45,9.13,98.46
10:40:24,13.91,30.44,9.13,43.75,0.54,161.28,220.49,6.86,98.46
10:40:29,13.91,30.44,12.08,43.75,0.55,161.28,222.68,5.84,98.46
10:40:34,13.89,30.44,12.35,43.75,0.58,161.28,220.24,5.34,98.46
10:40:39,13.91,30.44,10.61,43.75,0.61,162.93,221.22,4.65,98.46
10:40:44,13.89,30.48,11.27,43.82,0.63,162.93,222.56,4.1,98.57
10:40:49,13.89,30.48,14.02,43.82,0.65,164.23,224.64,3.94,98.57
10:40:54,13.9,30.48,10.72,43.75,0.67,164.23,227.2,3.86,98.75
10:40:59,13.9,30.48,13.06,43.75,0.69,164.23,228.79,3.82,98.75
10:41:04,13.89,30.44,10.4,43.75,0.7,165.34,231.35,3.8,98.98
10:41:09,13.88,30.48,11.23,43.75,0.71,165.34,234.53,3.77,98.98
10:41:14,13.89,30.48,10.49,43.75,0.72,166.49,237.46,3.76,98.98
10:41:19,13.88,30.48,11,43.75,0.73,166.49,240.26,3.77,99.32
10:41:24,13.88,30.48,10.55,43.75,0.74,167.47,243.07,3.8,99.32
10:41:29,13.88,30.44,11.97,43.75,0.75,167.47,245.76,3.82,99.65
10:41:34,13.89,30.44,9.82,43.75,0.75,167.47,247.96,3.82,99.65
10:41:39,13.9,30.44,10.75,43.75,0.75,168.22,250.27,3.83,99.65
10:41:44,13.88,30.44,11,43.75,0.76,168.22,252.59,3.81,99.99
10:41:49,13.87,30.44,12.33,43.75,0.7,169.16,244.41,3.8,99.99
10:41:54,13.89,30.48,11.89,43.82,0.68,169.16,236.72,3.8,100.41
10:41:59,13.9,30.48,10.86,43.82,0.69,169.16,236.23,3.8,100.41
10:42:04,13.87,30.44,11.42,43.69,0.71,170.33,238.07,3.81,100.8
10:42:09,13.91,30.44,10.25,43.69,0.72,170.33,240.26,3.83,100.8
10:42:14,13.89,30.44,12.56,43.69,0.73,171.29,242.46,3.82,100.8
10:42:19,13.89,30.44,10.93,43.69,0.67,171.29,240.87,3.8,101.2
10:42:24,13.89,30.44,12,43.69,0.65,172.63,227.69,3.79,101.2
10:42:29,13.89,30.44,9.6,43.69,0.66,172.63,224.51,3.8,101.6
10:42:34,13.94,30.44,0,43.69,0.66,172.63,225.98,3.8,101.6
10:42:39,13.94,30.44,0,43.69,0.65,173.99,214.75,5.16,101.6
10:42:44,13.98,30.44,0,43.69,0.63,173.99,194.6,14.1,102.33
10:42:49,13.97,30.44,0,43.69,0.6,170.1,184.47,17.42,102.33
10:42:54,13.95,30.48,0,43.69,0.57,170.1,178.24,18.53,104.15
10:42:59,13.98,30.48,0,43.69,0.55,170.1,173.85,19.01,104.15
10:43:04,13.95,30.48,0,43.69,0.53,165.4,169.58,19.36,105.47
10:43:09,13.97,30.48,0,43.69,0.52,165.4,164.33,19.53,105.47
10:43:14,13.98,30.48,0,43.69,0.5,161.41,159.32,19.63,105.47
10:43:19,13.97,30.48,0,43.88,0.49,161.41,158.59,19.71,105.92
10:43:24,13.94,30.48,0,43.88,0.48,158.17,159.44,19.78,105.92
10:43:29,13.94,30.48,12.7,43.98,0.48,158.17,168.72,19.81,104.42
10:43:34,13.89,30.48,11.08,43.98,0.49,158.17,177.15,11.96,104.42
10:43:39,13.91,30.48,9.82,43.98,0.51,160.57,180.69,7.4,104.42
10:43:44,13.91,30.54,12.86,44.15,0.51,160.57,182.15,6.12,102.45
10:43:49,13.93,30.54,10.67,44.15,0.52,163.23,182.76,5.46,102.45
10:43:54,13.92,30.48,13.53,44.28,0.53,163.23,184.35,4.97,100.03
10:43:59,13.92,30.48,11.96,44.28,0.54,163.23,186.06,4.19,100.03
10:44:04,13.89,30.48,10.25,44.4,0.55,165.27,187.28,3.97,98.04
10:44:09,13.9,30.48,11.86,44.34,0.56,165.27,189.23,3.9,98.04
10:44:14,13.89,30.48,13.57,44.34,0.57,167.16,192.16,3.86,98.04
10:44:19,13.89,30.54,12.75,44.46,0.57,167.16,194.48,3.85,96.43
10:44:24,13.91,30.54,9.53,44.46,0.59,168.81,198.39,3.82,96.43
10:44:29,13.89,30.48,8.64,44.4,0.59,168.81,201.81,3.81,95.03
10:44:34,13.9,30.48,10.12,44.4,0.61,168.81,204.74,3.77,95.03
10:44:39,13.89,30.48,11.58,44.4,0.61,170.27,208.16,3.76,95.03
10:44:44,13.9,30.48,11.64,44.4,0.62,170.27,210.84,3.75,94.09
10:44:49,13.89,30.48,10.85,44.4,0.63,171.8,213.4,3.75,94.09
10:44:54,13.92,30.48,10.81,44.4,0.63,171.8,216.82,3.77,93.42
10:44:59,13.88,30.48,12.61,44.4,0.65,171.8,219.51,3.77,93.42
10:45:04,13.88,30.48,13.59,44.4,0.66,172.92,222.81,3.75,93.05
10:45:09,13.91,30.48,11.11,44.4,0.66,172.92,225.61,3.75,93.05
10:45:14,13.96,30.48,0,44.4,0.65,173.93,215.85,4.88,93.05
10:45:19,13.97,30.48,0,44.34,0.63,173.93,196.07,13.19,92.98
10:45:24,13.95,30.48,0,44.34,0.6,170.1,184.84,17.17,92.98
10:45:29,13.98,30.6,0,44.4,0.58,170.1,178.61,18.4,93.82
10:45:34,13.96,30.6,0,44.4,0.55,170.1,173.85,18.87,93.82
10:45:39,13.98,30.6,0,44.4,0.53,165.5,168.6,19.27,93.82
10:45:44,13.99,30.54,0,44.4,0.52,165.5,163.11,19.44,94.51
10:45:49,13.97,30.54,0,44.4,0.5,161.28,158.1,19.6,94.51
10:45:54,13.97,30.54,0,44.51,0.48,161.28,157.25,19.68,95.22
10:45:59,13.96,30.54,0,44.51,0.47,161.28,158.22,19.76,95.22
10:46:04,13.94,30.6,14.33,44.57,0.47,158.27,165.67,19.81,94.87
10:46:09,13.91,30.6,11.17,44.57,0.48,158.27,174.58,13.19,94.87
10:46:14,13.91,30.6,10.08,44.57,0.49,159.42,179.59,7.91,94.87
10:46:19,13.89,30.6,11.77,44.63,0.5,159.42,182.27,6.46,93.99
10:46:24,13.91,30.6,11.45,44.63,0.51,161.93,183.49,5.79,93.99
10:46:29,13.91,30.6,9.11,44.76,0.52,161.93,184.84,5.21,93.15
10:46:34,13.9,30.6,10.59,44.76,0.53,161.93,185.69,4.31,93.15
10:46:39,13.91,30.6,12.12,44.76,0.53,164.1,186.67,4,93.15
10:46:44,13.9,30.54,11.71,44.69,0.54,164.1,187.89,3.91,92.27
10:46:49,13.91,30.54,0,44.69,0.56,166.05,188.5,3.88,92.27
10:46:54,13.89,30.71,12.81,44.63,0.57,166.05,190.21,3.86,91.75
10:46:59,13.89,30.71,9.87,44.63,0.58,166.05,192.89,3.83,91.75
10:47:04,13.89,30.54,9.86,44.63,0.58,167.87,195.34,3.81,91.38
10:47:09,13.89,30.54,11.87,44.63,0.59,167.87,199.49,3.8,91.38
10:47:14,13.89,30.54,11.6,44.63,0.61,169.33,202.54,3.8,91.38
10:47:19,13.91,30.54,10.62,44.63,0.61,169.33,205.71,3.79,91.15
10:47:24,13.89,30.54,13.97,44.63,0.62,170.81,209.62,3.79,91.15
10:47:29,13.92,30.54,9.66,44.57,0.63,170.88,212.43,3.77,91.15
10:47:34,13.87,30.54,13.47,44.57,0.64,170.88,215.85,3.75,91.15
10:47:39,13.91,30.54,13.25,44.57,0.65,172.28,218.78,3.76,91.15
10:47:44,13.89,30.6,12.33,44.63,0.66,172.28,221.1,3.73,91.21
10:47:49,13.91,30.6,12.94,44.63,0.66,173.51,224.76,3.72,91.21
10:47:54,13.92,30.65,0,44.63,0.67,173.51,224.76,3.74,91.31
10:47:59,13.95,30.65,0,44.63,0.64,173.51,205.71,8.99,91.31
10:48:04,13.95,30.6,0,44.69,0.61,172.21,188.99,15.68,92.21
10:48:09,13.95,30.6,0,44.69,0.59,172.21,181.05,17.85,92.27
10:48:14,13.95,30.6,0,44.69,0.57,167.87,175.31,18.54,92.27
10:48:19,13.97,30.6,0,44.63,0.55,167.87,171.41,19.11,93.42
10:48:24,13.97,30.6,0,44.63,0.53,163.56,166.89,19.37,93.42
10:48:29,13.98,30.6,0,44.63,0.51,163.56,160.66,19.55,94.28
10:48:34,13.97,30.6,0,44.63,0.49,163.56,156.51,19.62,94.28
10:48:39,13.98,30.6,0,44.63,0.48,159.55,155.17,19.72,94.28
10:48:44,13.93,30.71,12.05,44.8,0.48,159.55,159.57,19.79,94.16
10:48:49,13.91,30.71,15.5,44.8,0.48,30.71,171.53,17.15,94.16
10:48:54,13.9,30.71,13.44,44.8,0.49,30.71,178.49,8.8,94.16
10:48:59,13.94,30.71,10.73,44.8,0.5,30.71,180.08,6.83,94.16
10:49:04,13.89,30.65,13.88,44.8,0.51,160.47,182.64,5.76,92.21
10:49:09,13.93,30.65,11.06,44.8,0.52,160.47,183.01,5.15,92.21
10:49:14,13.91,30.65,12.97,44.8,0.52,162.51,183.98,4.44,92.21
10:49:19,13.89,30.65,0,44.8,0.53,162.51,185.08,4,91.1
10:49:24,13.91,30.65,12.55,44.8,0.54,164.33,185.45,3.85,91.1
10:49:29,13.91,30.65,11.88,44.76,0.55,164.33,186.18,3.82,90.23
10:49:34,13.9,30.65,9.94,44.76,0.56,164.33,187.16,3.8,90.23
10:49:39,13.91,30.65,13.02,44.76,0.57,166.11,189.35,3.78,90.23
10:49:44,13.88,30.65,12.4,44.8,0.57,166.11,190.82,3.77,89.6
10:49:49,13.89,30.65,11.75,44.8,0.58,167.8,193.51,3.73,89.6
10:49:54,13.92,30.65,12.17,44.76,0.6,167.8,196.07,3.71,89.16
10:49:59,13.91,30.65,10.7,44.76,0.6,167.8,199.49,3.71,89.16
10:50:04,13.9,30.65,12.41,44.76,0.61,169.29,202.42,3.71,88.87
10:50:09,13.87,30.65,13.63,44.76,0.62,169.29,205.47,3.71,88.87
10:50:14,13.88,30.65,10.82,44.76,0.63,170.56,208.4,3.71,88.87
10:50:19,13.89,30.65,11.8,44.69,0.64,170.56,211.09,3.69,88.74
10:50:24,13.88,30.65,13.66,44.69,0.63,171.67,213.16,3.67,88.74
10:50:29,13.87,30.6,11.23,44.69,0.65,171.67,215.48,3.67,88.8
10:50:34,13.88,30.6,11.29,44.69,0.66,171.67,218.04,3.67,88.8
10:50:39,13.91,30.6,13.59,44.69,0.66,172.86,220.49,3.66,88.8
10:50:44,13.9,30.6,10.03,44.69,0.67,172.86,223.29,3.65,88.93
10:50:49,13.9,30.6,0,44.69,0.68,173.87,225,3.66,88.93
10:50:54,13.98,30.71,0,44.69,0.65,173.87,208.77,7.12,89.16
10:50:59,13.97,30.71,0,44.69,0.62,173.87,190.09,14.35,89.16
10:51:04,13.98,30.71,0,44.69,0.59,170.75,181.66,17.65,90.29
10:51:09,13.97,30.71,0,44.69,0.57,170.75,176.41,18.53,90.29
10:51:14,13.95,30.71,0,44.69,0.55,166.11,171.29,19.06,90.29
10:51:19,13.98,30.71,0,44.69,0.53,166.11,165.3,19.33,91.38
10:51:24,13.98,30.71,0,44.69,0.52,161.87,160.66,19.52,91.38
10:51:29,13.98,30.71,0,44.76,0.5,161.87,157.61,19.62,92.27
10:51:34,13.97,30.71,0,44.76,0.49,161.87,156.76,19.72,92.27
10:51:39,13.95,30.71,0,44.76,0.47,158.5,157.98,19.78,92.27
10:51:44,13.9,30.71,12.21,44.8,0.48,158.5,169.94,19.14,91.98
10:51:49,13.94,30.71,10.45,44.8,0.49,158.5,177.51,10.25,91.98
10:51:54,13.91,30.75,12.85,44.92,0.5,158.5,181.05,7.22,91.31
10:51:59,13.89,30.75,13.04,44.92,0.51,158.5,183.49,6.01,91.31
10:52:04,13.9,30.71,11.9,44.86,0.52,160.86,184.23,5.34,90.69
10:52:09,13.88,30.71,10.09,44.86,0.52,160.86,184.47,4.65,90.69
10:52:14,13.92,30.71,11,44.86,0.53,163.23,185.81,4.07,90.69
10:52:19,13.91,30.71,11.2,44.8,0.54,163.23,186.91,3.91,90.04
10:52:24,13.89,30.71,9.06,44.8,0.55,165.17,187.64,3.86,90.04
10:52:29,13.89,30.71,10.44,44.86,0.57,165.17,188.38,3.85,89.77
10:52:34,13.89,30.71,9.81,44.86,0.57,165.17,189.6,3.83,89.77
10:52:39,13.89,30.71,12.94,44.86,0.58,166.99,191.67,3.83,89.77
10:52:44,13.89,30.71,8.99,44.8,0.59,166.99,194.48,3.83,89.6
10:52:49,13.89,30.71,14.81,44.8,0.6,168.58,197.9,3.82,89.6
10:52:54,13.9,30.65,12.34,44.76,0.61,168.58,200.83,3.82,89.49
10:52:59,13.89,30.65,12.24,44.76,0.61,168.58,204.37,3.81,89.49
10:53:04,13.89,30.75,10.26,44.8,0.62,170.04,207.42,3.82,89.64
10:53:09,13.88,30.75,8.72,44.8,0.63,170.04,210.84,3.82,89.64
10:53:14,13.89,30.75,11.62,44.8,0.64,171.42,214.02,3.82,89.64
10:53:19,13.91,30.71,11.61,44.76,0.65,171.42,216.7,3.81,89.83
10:53:24,13.9,30.71,13.41,44.76,0.65,172.7,218.65,3.82,89.83
10:53:29,13.87,30.71,11.9,44.8,0.66,172.7,221.58,3.81,90
10:53:34,13.89,30.71,0,44.8,0.67,172.7,224.03,3.82,90
10:53:39,13.93,30.71,0,44.8,0.67,173.87,221.34,3.83,90
10:53:44,13.98,30.71,0,44.76,0.64,173.87,200.95,10.55,90.39
10:53:49,13.95,30.71,0,44.76,0.61,170.56,186.06,16.26,90.39
10:53:54,13.98,30.71,0,44.76,0.58,170.56,179.71,17.96,91.65
10:53:59,13.97,30.71,0,44.76,0.56,170.56,174.22,18.61,91.65
10:54:04,13.96,30.71,0,44.76,0.54,166.17,169.33,19.1,92.86
10:54:09,13.96,30.71,0,44.76,0.52,166.17,163.84,19.36,92.86
10:54:14,13.97,30.71,0,44.76,0.51,161.93,159.93,19.52,92.86
10:54:19,14,30.75,0,44.76,0.49,161.93,157.98,19.63,93.82
10:54:24,14,30.75,0,44.76,0.48,158.23,157.37,19.7,93.82
10:54:29,13.94,30.71,12.36,44.8,0.48,158.23,164.08,19.75,93.32
10:54:34,13.91,30.71,13.73,44.8,0.49,158.23,174.83,14.49,93.32
10:54:39,13.91,30.71,14.1,44.8,0.51,159.17,180.2,8.33,93.32
10:54:44,13.93,30.75,11.27,44.92,0.51,159.17,183.25,6.75,92.69
10:54:49,13.92,30.75,12.51,44.92,0.53,161.87,184.71,5.82,92.69
10:54:54,13.89,30.75,11.53,44.86,0.53,161.87,186.3,5.27,91.94
10:54:59,13.9,30.75,13.29,44.86,0.54,161.87,186.67,4.43,91.94
10:55:04,13.92,30.71,12.28,44.8,0.55,164.1,187.89,4.03,91.31
10:55:09,13.9,30.71,12.64,44.8,0.57,164.1,188.62,3.89,91.31
10:55:14,13.89,30.71,12.4,44.8,0.57,166.11,189.96,3.85,91.31
10:55:19,13.91,30.71,12.17,44.8,0.58,166.11,192.16,3.82,91
10:55:24,13.88,30.71,12.97,44.8,0.59,168.03,194.6,3.81,91
10:55:29,13.87,30.71,11.47,44.76,0.6,168.03,196.92,3.78,90.75
10:55:34,13.89,30.71,11.84,44.76,0.61,168.03,200.95,3.77,90.75
10:55:39,13.88,30.71,11.94,44.76,0.61,169.62,204.49,3.77,90.75
10:55:44,13.88,30.75,14.3,44.8,0.62,169.62,208.16,3.78,90.75
10:55:49,13.89,30.75,11.7,44.8,0.63,171.04,210.35,3.8,90.75
10:55:54,13.88,30.71,11.3,44.8,0.64,171.04,213.89,3.81,90.81
10:55:59,13.89,30.71,12.55,44.8,0.65,171.04,216.7,3.78,90.81
10:56:04,13.89,30.71,12.61,44.8,0.65,172.4,219.14,3.76,90.87
10:56:09,13.9,30.71,12.75,44.8,0.66,172.4,220.49,3.75,90.87
10:56:14,13.88,30.71,10.2,44.8,0.66,173.22,220.24,3.74,90.87
10:56:19,13.89,30.71,10.88,44.86,0.67,173.22,220.12,3.73,90.69
10:56:24,13.87,30.71,13.74,44.86,0.66,173.34,218.9,3.71,90.69
10:56:29,13.89,30.71,11.6,44.86,0.66,173.34,216.34,3.72,90.1
10:56:34,13.89,30.71,12.87,44.86,0.66,173.34,215.11,3.71,90.1
10:56:39,13.9,30.71,10.11,44.86,0.66,172.92,214.14,3.71,90.1
10:56:44,13.89,30.71,10.44,44.92,0.66,172.92,214.38,3.71,89.49
10:56:49,13.89,30.71,11.05,44.92,0.66,172.8,214.63,3.71,89.49
10:56:54,13.89,30.71,12.63,44.92,0.66,172.8,215.36,3.72,88.99
10:56:59,13.92,30.71,11.44,44.92,0.65,172.8,216.7,3.71,88.99
10:57:04,13.91,30.75,10.25,44.99,0.66,173.03,217.68,3.71,88.51
10:57:09,13.89,30.75,0,44.99,0.67,173.03,219.63,3.71,88.51
10:57:14,13.89,30.75,13.03,44.99,0.67,173.57,221.71,3.69,88.51
10:57:19,13.89,30.75,0,44.86,0.68,173.57,222.2,3.68,88.28
10:57:24,13.95,30.75,0,44.86,0.64,172.76,205.96,7.45,88.28
10:57:29,13.97,30.75,0,44.86,0.6,172.76,187.77,13.64,88.57
10:57:34,13.97,30.75,0,44.86,0.57,172.76,179.1,17.63,88.57
10:57:39,13.96,30.75,0,44.86,0.56,168.16,174.46,18.45,88.57
10:57:44,13.96,30.81,0,44.86,0.52,168.16,170.06,18.92,89.37
10:57:49,13.97,30.81,0,44.86,0.51,163.75,164.57,19.3,89.37
10:57:54,13.96,30.75,0,44.86,0.5,163.75,160.66,19.45,90.1
10:57:59,13.97,30.75,0,44.86,0.49,163.75,159.32,19.57,90.1
10:58:04,13.97,30.88,0,44.92,0.48,160.15,161.15,19.66,90.69
10:58:09,13.93,30.88,10.4,44.92,0.48,160.15,164.82,19.72,90.62
10:58:14,13.91,30.88,11.17,44.92,0.49,158.23,175.8,17.45,90.62
10:58:19,13.91,30.88,12.24,44.92,0.5,158.23,181.78,9.11,90.29
10:58:24,13.89,30.88,11.75,44.92,0.51,160.63,184.59,6.88,90.29
10:58:29,13.92,30.81,9.84,44.99,0.52,160.63,186.06,5.86,89.7
10:58:34,13.89,30.81,13.03,44.99,0.53,160.63,186.79,5.25,89.7
10:58:39,13.91,30.81,13.12,44.99,0.53,163.23,187.89,4.46,89.7
10:58:44,13.89,30.81,11.87,44.99,0.55,163.23,188.5,3.98,88.99
10:58:49,13.89,30.81,11.9,44.99,0.55,165.21,189.11,3.84,88.99
10:58:54,13.88,30.81,14.44,44.99,0.56,165.21,189.84,3.77,88.51
10:58:59,13.89,30.81,9.75,44.99,0.51,165.21,177.51,3.75,88.51
10:59:04,13.9,30.81,12.11,44.99,0.51,167.51,173.73,3.75,88.16
10:59:09,13.89,30.75,11.42,44.99,0.52,167.51,175.19,3.76,88.16
10:59:14,13.91,30.75,11.79,44.99,0.52,169.52,178.49,3.78,88.16
10:59:19,13.9,30.88,13.7,44.99,0.54,169.52,182.4,3.78,88.03
10:59:24,13.89,30.88,9.58,44.99,0.42,171.73,171.77,3.79,88.03
10:59:29,13.86,30.88,12.67,44.92,0.43,171.73,152.85,3.77,88.03
10:59:34,13.94,30.88,0,44.92,0.44,171.73,149.68,3.8,88.03
10:59:39,13.92,30.88,0,44.92,0.43,174.41,136.49,5.83,88.03
10:59:44,13.93,30.88,0,44.92,0.43,174.41,117.81,13.13,88.28
10:59:49,13.95,30.88,0,44.92,0.42,171.67,106.58,17.54,88.28
10:59:54,13.94,30.88,0,44.92,0.42,171.67,103.16,18.37,89.37
10:59:59,13.95,30.88,0,44.92,0.4,171.67,101.09,18.86,89.37
11:00:04,13.94,30.94,0,44.86,0.52,168.64,108.17,19.22,90.04
11:00:09,13.94,30.88,0,44.86,0.48,168.64,138.08,19.42,90.04
11:00:14,13.95,30.88,0,44.86,0.47,164.88,135.27,19.54,90.04
11:00:19,13.94,30.94,0,44.99,0.45,164.88,132.1,19.61,90.52
11:00:24,13.95,30.94,0,44.99,0.45,161.47,129.9,19.69,90.52
11:00:29,13.98,30.98,0,44.99,0.44,161.47,126.85,19.77,91.04
11:00:34,13.93,30.98,11.26,44.99,0.47,161.47,134.54,19.8,91.04
11:00:39,13.92,30.98,12.46,44.99,0.48,158.1,148.82,19.86,91.04
11:00:44,13.9,30.94,12.81,45.05,0.49,158.1,155.9,12.36,90.29
11:00:49,13.92,30.94,13.65,45.05,0.5,160.34,161.4,7.5,90.29
11:00:54,13.89,30.94,10.47,45.05,0.51,160.34,166.04,6.13,89.7
11:00:59,13.89,30.94,12.39,45.05,0.52,160.34,169.09,5.41,89.7
11:01:04,13.92,30.88,13.74,45.05,0.52,162.58,171.9,4.95,89.2
11:01:09,13.89,30.88,13.08,45.05,0.53,162.58,174.7,4.13,89.2
11:01:14,13.89,30.88,11.81,45.05,0.54,164.63,177.88,3.93,89.2
11:01:19,13.91,30.88,15.39,44.99,0.53,164.63,175.07,3.85,88.8
11:01:24,13.89,30.88,12.86,44.99,0.53,166.67,176.9,3.8,88.8
11:01:29,13.89,30.81,9.6,45.05,0.55,166.67,180.08,3.79,88.7
11:01:34,13.9,30.81,11.44,45.05,0.5,166.67,178.73,3.8,88.7
11:01:39,13.88,30.81,13.79,45.05,0.51,168.99,173.24,3.81,88.7
11:01:44,13.87,30.94,13.77,44.99,0.51,168.99,175.07,3.78,88.64
11:01:49,13.89,30.94,10.86,44.99,0.52,170.98,178.12,3.75,88.64
11:01:54,13.89,30.94,0,44.99,0.53,170.98,181.17,3.74,88.7
11:01:59,13.92,30.94,11.89,44.99,0.49,170.98,174.83,3.74,88.7
11:02:04,13.91,30.94,10.53,44.99,0.5,173.09,173.48,3.75,88.87
11:02:09,13.95,30.94,0,44.99,0.49,173.09,178.85,3.76,88.87
11:02:14,13.94,30.94,0,44.99,0.48,173.15,159.44,11.01,88.87
11:02:19,13.98,30.81,0,44.92,0.47,173.15,142.84,16.42,89.7
11:02:24,13.95,30.81,0,44.92,0.46,169.33,136.61,18.06,89.7
11:02:29,13.95,30.94,0,44.92,0.45,169.33,132.71,18.62,90.94
11:02:34,13.95,30.94,0,44.92,0.52,169.33,129.78,19.11,90.94
11:02:39,13.98,30.94,0,44.92,0.51,165.5,149.92,19.37,90.94
11:02:44,13.95,30.98,0,44.99,0.49,165.5,154.32,19.53,91.71
11:02:49,13.98,30.98,0,44.99,0.48,161.51,151.87,19.6,91.71
11:02:54,13.98,30.98,0,45.05,0.47,161.51,149.19,19.7,92.75
11:02:59,13.98,30.98,0,45.05,0.46,161.51,147.72,19.78,92.75
11:03:04,13.9,30.98,11.96,44.99,0.46,158.46,154.32,19.81,92.75
11:03:09,13.91,30.98,13.05,44.99,0.47,158.46,162.86,13.09,92.75
11:03:14,13.94,30.98,12.73,44.99,0.48,159.86,168.11,7.78,92.75
11:03:19,13.9,30.98,12.04,45.05,0.48,159.86,170.8,6.47,92.17
11:03:24,13.92,30.98,12.48,45.05,0.5,30.98,173.85,5.57,92.17
11:03:29,13.91,30.98,12.03,45.05,0.51,30.98,175.68,5,92.17
11:03:34,13.89,30.98,13.8,45.05,0.51,30.98,177.88,4.17,92.17
11:03:39,13.9,30.98,14.06,45.05,0.52,164.69,179.59,3.93,92.17
11:03:44,13.87,30.88,14.36,45.09,0.54,164.69,180.93,3.82,90.69
11:03:49,13.89,30.88,11.64,45.09,0.55,166.67,184.23,3.77,90.69
11:03:54,13.88,30.94,11.77,45.09,0.55,166.67,186.79,3.74,90.16
11:03:59,13.91,30.94,11.77,45.09,0.56,166.67,190.82,3.74,90.16
11:04:04,13.91,30.94,12.62,45.09,0.56,168.41,195.21,3.74,89.93
11:04:09,13.9,30.94,11.43,45.05,0.57,168.41,198.14,3.74,89.93
11:04:14,13.92,30.94,11.57,45.05,0.58,170,201.93,3.74,89.93
11:04:19,13.89,30.94,9.62,45.09,0.59,170,204.86,3.72,89.7
11:04:24,13.88,30.94,11.46,45.09,0.6,171.36,207.54,3.71,89.7
11:04:29,13.89,30.88,13.22,45.05,0.61,171.36,210.11,3.71,89.7
11:04:34,13.89,30.88,11.71,45.05,0.61,171.36,210.35,3.69,89.7
11:04:39,13.87,30.88,0,45.05,0.61,172.34,209.86,3.71,89.7
11:04:44,13.89,30.88,12.67,45.09,0.61,172.34,208.28,3.69,89.54
11:04:49,13.89,30.88,10.32,45.09,0.61,172.34,206.69,3.71,89.54
11:04:54,13.91,30.88,11.67,45.09,0.6,172.34,205.84,3.71,89.03
11:04:59,13.89,30.88,12.29,45.09,0.61,172.34,205.47,3.72,89.03
11:05:04,13.89,30.88,9.39,45.09,0.6,172.15,205.84,3.71,88.47
11:05:09,13.86,30.88,12.29,45.09,0.61,172.15,207.54,3.69,88.47
11:05:14,13.88,30.88,11.31,45.09,0.6,172.28,209.25,3.7,88.47
11:05:19,13.88,30.94,11.5,45.15,0.61,172.28,209.99,3.69,88.09
11:05:24,13.9,30.94,11.41,45.15,0.61,172.8,211.7,3.67,88.09
11:05:29,13.89,30.94,10.85,45.15,0.61,172.8,213.28,3.65,87.76
11:05:34,13.9,30.94,10.53,45.15,0.61,172.8,215.24,3.64,87.76
11:05:39,13.87,30.94,11.91,45.15,0.63,173.47,217.07,3.65,87.76
11:05:44,13.91,30.94,0,45.09,0.63,173.47,216.58,3.67,87.59
11:05:49,13.92,30.94,0,45.09,0.6,172.8,196.92,8.25,87.59
11:05:54,13.91,30.98,0,45.09,0.57,172.8,181.05,15.37,88.03
11:05:59,13.94,30.98,0,45.09,0.56,172.8,174.58,17.6,88.03
11:06:04,13.94,30.98,0,45.05,0.53,168.41,169.94,18.39,88.99
11:06:09,13.94,30.98,0,45.05,0.51,168.41,165.3,18.86,88.99
11:06:14,13.95,30.98,0,45.05,0.49,164.1,160.66,19.23,88.99
11:06:19,13.95,30.94,0,45.05,0.49,164.1,156.02,19.42,89.83
11:06:24,13.95,30.94,0,45.05,0.47,160.34,154.44,19.52,89.83
11:06:29,13.96,30.94,0,45.09,0.46,160.34,155.54,19.61,90.29
11:06:34,13.89,30.94,13.16,45.09,0.45,160.34,159.2,19.67,90.29
11:06:39,13.89,30.94,12.63,45.09,0.46,158.4,170.92,15.9,90.29
11:06:44,13.9,30.94,11.7,45.09,0.47,158.4,177.51,8.44,89.83
11:06:49,13.91,30.94,12.57,45.09,0.48,161.16,180.2,6.65,89.83
11:06:54,13.91,31.04,13.59,45.15,0.49,161.16,182.4,5.77,89.2
11:06:59,13.91,31.04,13.43,45.15,0.51,161.16,182.76,5.17,89.2
11:07:04,13.9,30.98,14.58,45.22,0.51,163.52,183.62,4.46,88.64
11:07:09,13.9,30.98,12.45,45.22,0.52,163.52,184.47,4.07,88.64
11:07:14,13.92,30.98,10.89,45.22,0.52,165.63,185.69,3.92,88.64
11:07:19,13.89,30.98,0,45.15,0.54,165.63,186.91,3.85,88.22
11:07:24,13.89,30.98,10.01,45.15,0.55,167.51,188.62,3.82,88.22
11:07:29,13.89,30.98,10.22,45.15,0.55,167.51,191.31,3.8,87.99
11:07:34,13.89,30.98,0,45.15,0.56,167.51,194.73,3.77,87.99
11:07:39,13.89,30.98,10.88,45.15,0.57,169.16,197.9,3.78,87.99
11:07:44,13.89,30.94,0,45.09,0.58,169.16,201.32,3.78,87.82
11:07:49,13.88,30.94,14.05,45.09,0.59,170.56,204.13,3.77,87.82
11:07:54,13.89,30.94,13.91,45.09,0.6,170.56,207.67,3.75,87.93
11:07:59,13.88,30.94,9.49,45.09,0.61,170.56,210.6,3.76,87.93
11:08:04,13.9,30.98,11.52,45.09,0.61,172.28,213.4,3.75,88.03
11:08:09,13.89,30.98,11.63,45.09,0.62,172.28,215.36,3.74,88.09
11:08:14,13.89,30.98,10.38,45.09,0.62,173.47,217.8,3.74,88.09
11:08:19,13.93,30.98,0,45.09,0.62,173.47,217.07,3.72,88.28
11:08:24,13.95,30.98,0,45.09,0.59,172.47,196.31,9.22,88.28
11:08:29,13.94,30.94,0,45.09,0.57,172.47,179.47,15.9,88.8
11:08:34,13.92,30.94,0,45.09,0.55,172.47,172.75,17.9,88.8
11:08:39,13.93,30.94,0,45.09,0.52,167.57,168.23,18.62,88.8
11:08:44,13.94,30.98,0,45.15,0.51,167.57,162.74,19.11,89.33
11:08:49,13.94,30.98,0,45.15,0.48,163.33,158.59,19.41,89.33
11:08:54,13.94,30.98,0,45.15,0.47,163.33,154.19,19.55,89.64
11:08:59,13.94,30.98,0,45.15,0.46,163.33,152.85,19.64,89.64
11:09:04,13.97,31.04,0,45.09,0.45,159.3,153.22,19.74,89.64
11:09:09,13.91,30.98,11.63,45.09,0.45,159.3,158.71,19.77,89.6
11:09:14,13.9,30.98,9.03,45.09,0.47,158.4,166.28,14.77,89.6
11:09:19,13.91,30.98,10.07,45.09,0.47,158.4,170.8,8.22,89.33
11:09:24,13.91,30.98,14.18,45.09,0.48,161.34,173.24,6.6,89.33
11:09:29,13.89,30.98,11.91,44.99,0.49,161.34,176.05,5.76,89.2
11:09:34,13.9,30.98,12.93,44.99,0.5,161.34,178.49,5.19,89.2
11:09:39,13.88,30.98,12.88,44.99,0.51,164.1,180.08,4.27,89.2
11:09:44,13.89,31.04,12.95,45.05,0.52,164.1,182.64,3.97,89.26
11:09:49,13.88,31.04,12.21,45.05,0.53,166.17,184.23,3.86,89.26
11:09:54,13.89,31.04,12.65,45.05,0.54,166.17,186.67,3.81,89.37
11:09:59,13.92,31.04,12.67,45.05,0.55,166.17,189.6,3.78,89.37
11:10:04,13.89,30.98,12.49,45.05,0.56,168.22,193.75,3.76,89.6
11:10:09,13.87,30.98,11.12,45.05,0.57,168.22,198.27,3.75,89.6
11:10:14,13.89,30.98,12.88,45.05,0.58,169.87,200.83,3.75,89.6
11:10:19,13.88,30.98,10.12,45.05,0.59,169.87,203.03,3.75,89.77
11:10:24,13.88,30.98,12.09,45.05,0.59,171.11,204.86,3.73,89.77
11:10:29,13.89,30.98,10.71,45.05,0.6,171.11,205.71,3.73,89.64
11:10:34,13.89,30.98,11.93,45.05,0.59,171.11,204.74,3.72,89.64
11:10:39,13.91,30.98,13.59,45.05,0.6,171.55,203.76,3.72,89.64
11:10:44,13.92,30.98,10.96,45.15,0.59,171.55,203.88,3.74,89.26
11:10:49,13.88,30.98,11.96,45.15,0.59,171.55,204,3.72,89.26
11:10:54,13.87,30.98,10.82,45.05,0.59,171.55,205.1,3.72,88.64
11:10:59,13.86,30.98,13.42,45.05,0.6,171.55,205.59,3.71,88.64
11:11:04,13.87,31.04,11.99,45.22,0.6,171.8,207.42,3.7,88.09
11:11:09,13.87,31.04,14.71,45.22,0.6,171.8,207.91,3.69,88.09
11:11:14,13.89,31.04,13.9,45.22,0.61,172.47,210.23,3.69,88.09
11:11:19,13.92,30.98,10.4,45.09,0.61,172.47,211.57,3.7,87.72
11:11:24,13.87,30.98,0,45.09,0.62,173.09,213.77,3.71,87.72
11:11:29,13.89,30.98,13.67,45.09,0.61,173.09,215.36,3.72,87.55
11:11:34,13.87,30.98,9.36,45.09,0.63,173.09,217.68,3.71,87.55
11:11:39,13.93,30.98,0,45.09,0.63,173.99,212.92,3.72,87.55
11:11:44,13.91,30.98,0,44.99,0.6,173.99,191.31,9.89,87.49
11:11:49,13.91,30.98,0,44.99,0.56,170.4,177.27,15.9,87.49
11:11:54,13.94,30.98,0,44.99,0.54,170.4,172.99,18.28,88.51
11:11:59,13.95,30.98,0,44.99,0.52,170.4,168.11,18.92,88.51
11:12:04,13.96,31.04,0,44.99,0.5,166.17,162.74,19.33,89.33
11:12:09,13.94,31.04,0,44.99,0.5,166.17,158.34,19.49,89.33
11:12:14,13.94,31.04,0,44.99,0.48,162.03,155.9,19.63,89.33
11:12:19,13.94,31.04,0,45.05,0.46,162.03,155.05,19.75,90.1
11:12:24,13.91,31.04,0,45.05,0.46,158.69,155.41,19.82,90.1
11:12:29,13.91,31.11,12.4,45.15,0.46,158.69,162.86,19.84,89.54
11:12:34,13.9,31.11,13.23,45.15,0.46,158.69,173.36,14.09,89.54
11:12:39,13.91,31.11,12.47,45.15,0.47,159.55,178.49,7.95,89.54
11:12:44,13.89,31.11,11.85,45.15,0.48,159.55,180.32,6.42,88.93
11:12:49,13.9,31.11,12.96,45.15,0.49,162.22,181.42,5.64,88.93
11:12:54,13.9,31.11,12.88,45.15,0.49,162.22,182.52,5.12,88.41
11:12:59,13.9,31.11,12.11,45.15,0.51,162.22,183.86,4.26,88.41
11:13:04,13.87,31.04,14.06,45.15,0.52,164.56,185.45,3.96,87.99
11:13:09,13.9,31.04,0,45.15,0.53,164.56,185.94,3.88,87.99
11:13:14,13.9,31.04,12.24,45.15,0.54,166.74,186.91,3.83,87.99
11:13:19,13.89,31.04,13.04,45.09,0.53,166.74,188.99,3.8,87.82
11:13:24,13.91,31.04,14.14,45.09,0.53,168.45,192.16,3.78,87.82
11:13:29,13.91,31.04,12.33,45.09,0.55,168.45,195.21,3.79,87.76
11:13:34,13.91,31.04,13.68,45.09,0.55,168.45,198.88,3.78,87.76
11:13:39,13.89,31.04,12.19,45.09,0.56,170.04,203.27,3.77,87.76
11:13:44,13.89,31.04,11.42,45.05,0.57,170.04,205.96,3.76,87.82
11:13:49,13.87,31.04,11.82,45.05,0.58,171.55,209.01,3.75,87.82
11:13:54,13.89,31.11,11.27,45.09,0.59,171.55,212.06,3.75,88.03
11:13:59,13.87,31.11,10.77,45.09,0.62,171.55,213.65,3.75,88.03
11:14:04,13.89,31.11,13.41,45.09,0.63,172.86,215.11,3.72,88.28
11:14:09,13.89,31.11,10.95,45.09,0.62,172.86,215.24,3.72,88.28
11:14:14,13.89,31.11,12.18,45.09,0.63,173.47,214.26,3.74,88.28
11:14:19,13.92,31.04,13.43,45.15,0.62,173.47,212.06,3.75,88.09
11:14:24,13.89,31.04,10.35,45.15,0.61,173.15,209.86,3.75,88.09
11:14:29,13.89,31.04,11.91,45.15,0.61,173.15,209.5,3.73,87.72
11:14:34,13.91,31.04,12.58,45.15,0.61,173.15,209.5,3.74,87.72
11:14:39,13.89,31.04,13.34,45.15,0.61,172.99,210.23,3.72,87.72
11:14:44,13.89,31.04,13.27,45.22,0.61,172.99,211.57,3.71,87.32
11:14:49,13.89,31.04,12.9,45.22,0.62,173.22,212.67,3.72,87.32
11:14:54,13.89,31.04,11.1,45.15,0.62,173.22,214.02,3.73,86.99
11:14:59,13.88,31.04,12.27,45.15,0.63,173.22,215.97,3.72,86.99
11:15:04,13.89,31.04,11.09,45.15,0.63,173.74,216.95,3.71,86.76
11:15:09,13.97,31.04,0,45.15,0.62,173.74,210.47,3.72,86.76
11:15:14,13.94,31.04,0,45.15,0.59,172.8,189.35,11.52,86.76
11:15:19,13.95,31.11,0,45.22,0.57,172.8,177.39,16.15,87.15
11:15:24,13.95,31.11,0,45.22,0.55,168.1,171.53,18.34,87.15
11:15:29,13.95,31.11,0,45.15,0.52,168.1,168.23,18.86,88.03
11:15:34,13.95,31.11,0,45.15,0.51,168.1,163.47,19.27,88.03
11:15:39,13.95,31.11,0,45.15,0.49,164.04,158.22,19.48,88.03
11:15:44,13.97,31.11,0,45.09,0.48,164.04,154.8,19.6,88.93
11:15:49,13.98,31.11,0,45.09,0.47,160.34,153.95,19.7,88.93
11:15:54,13.96,31.11,0,45.15,0.46,160.34,150.29,19.8,89.37
11:15:59,13.91,31.11,13.85,45.15,0.46,160.34,154.32,19.82,89.37
11:16:04,13.91,31.17,12.36,45.15,0.47,158.69,162.5,13.23,88.93
11:16:09,13.9,31.17,11.63,45.15,0.48,158.69,167.99,7.9,88.93
11:16:14,13.89,31.17,14.54,45.15,0.48,161.16,172.14,6.35,88.93
11:16:19,13.91,31.11,10.3,45.22,0.5,161.16,175.07,5.55,88.34
11:16:24,13.9,31.11,14.29,45.22,0.51,163.75,178.12,5.03,88.34
11:16:29,13.9,31.11,12.35,45.22,0.52,163.75,180.56,4.14,87.72
11:16:34,13.91,31.11,14.15,45.22,0.52,163.75,182.15,3.86,87.72
11:16:39,13.89,31.11,11.96,45.22,0.54,165.92,184.1,3.78,87.72
11:16:44,13.91,31.11,10.89,45.22,0.54,165.92,186.3,3.75,87.32
11:16:49,13.87,31.11,12.59,45.22,0.55,167.8,189.23,3.71,87.32
11:16:54,13.89,31.17,12.3,45.22,0.56,167.8,192.41,3.7,87.15
11:16:59,13.88,31.17,11.88,45.22,0.56,167.8,196.44,3.69,87.15
11:17:04,13.89,31.17,11.87,45.22,0.58,169.45,199.49,3.69,87.09
11:17:09,13.9,31.17,11.85,45.22,0.58,169.45,202.78,3.71,87.09
11:17:14,13.89,31.17,13.54,45.22,0.59,170.88,206.08,3.71,87.09
11:17:19,13.89,31.11,14.84,45.22,0.6,170.88,207.79,3.72,87.15
11:17:24,13.89,31.11,13.14,45.22,0.61,172.21,211.09,3.71,87.15
11:17:29,13.9,31.11,13.22,45.22,0.61,172.34,214.02,3.71,87.26
11:17:34,13.86,31.11,11.96,45.22,0.63,172.34,214.99,3.71,87.26
11:17:39,13.89,31.11,12.77,45.22,0.63,173.41,217.43,3.7,87.26
11:17:44,13.9,31.11,12.64,45.15,0.63,173.41,217.68,3.71,87.49
11:17:49,13.95,31.11,0,45.15,0.61,173.7,204.49,4.9,87.49
11:17:54,13.94,31.11,0,45.22,0.58,173.7,183.86,12.82,87.86
11:17:59,13.94,31.11,0,45.22,0.55,173.7,174.58,17.01,87.86
11:18:04,13.95,31.11,0,45.22,0.52,168.81,170.68,18.46,88.47
11:18:09,13.95,31.11,0,45.22,0.49,168.81,165.43,18.95,88.57
11:18:14,13.96,31.11,0,45.22,0.46,164.46,160.79,19.3,88.57
11:18:19,13.92,31.17,11.11,45.22,0.46,164.46,161.64,19.45,88.51
11:18:24,13.92,31.17,13.79,45.22,0.46,163.46,170.31,16.72,88.51
11:18:29,13.91,31.11,12.51,45.22,0.47,163.56,175.92,8.74,88.16
11:18:34,13.89,31.11,10.26,45.22,0.48,163.56,179.59,6.89,88.16
11:18:39,13.91,31.11,11.93,45.22,0.48,165.92,182.64,5.85,88.16
11:18:44,13.91,31.21,11.78,45.26,0.47,165.92,185.33,5.19,88.03
11:18:49,13.9,31.21,10.46,45.26,0.48,167.87,188.13,4.34,88.03
11:18:54,13.91,31.17,13.66,45.15,0.48,167.87,191.67,4,88.03
11:18:59,13.89,31.17,11.95,45.15,0.48,167.87,195.7,3.88,88.03
11:19:04,13.89,31.17,13.49,45.22,0.5,169.62,199.37,3.83,88.16
11:19:09,13.89,31.17,12.74,45.22,0.52,169.62,203.52,3.82,88.16
11:19:14,13.89,31.17,13.3,45.22,0.53,171.23,206.93,3.81,88.16
11:19:19,13.88,31.17,9.92,45.15,0.55,171.23,209.25,3.82,88.41
11:19:24,13.91,31.17,12.02,45.15,0.56,172.34,210.47,3.8,88.41
11:19:29,13.89,31.17,11.79,45.22,0.56,172.34,210.35,3.78,88.51
11:19:34,13.88,31.17,12.26,45.22,0.57,172.34,208.64,3.78,88.51
11:19:39,13.89,31.17,9.86,45.22,0.57,172.7,206.93,3.79,88.51
11:19:44,13.89,31.17,10.89,45.26,0.57,172.7,206.45,3.8,88.16
11:19:49,13.88,31.17,12.3,45.26,0.57,172.63,207.3,3.8,88.16
11:19:54,13.91,31.17,12.33,45.22,0.58,172.63,209.25,3.82,87.76
11:19:59,13.89,31.17,10.3,45.22,0.59,172.63,210.35,3.81,87.76
11:20:04,13.9,31.11,11.47,45.22,0.58,172.92,211.45,3.78,87.42
11:20:09,13.9,31.11,13.35,45.22,0.58,172.92,212.79,3.77,87.42
11:20:14,13.9,31.11,10.09,45.22,0.59,173.47,214.75,3.75,87.42
11:20:19,13.88,31.11,11.47,45.22,0.6,173.47,216.46,3.75,87.15
11:20:24,13.92,31.11,0,45.22,0.59,174.12,216.09,3.75,87.15
11:20:29,13.93,31.11,0,45.15,0.57,174.12,197.17,7.61,87.22
11:20:34,13.95,31.11,0,45.15,0.54,174.12,179.83,15.02,87.22
11:20:39,13.93,31.11,0,45.15,0.52,170.04,173.73,17.62,87.22
11:20:44,13.97,31.21,0,45.22,0.5,170.04,169.45,18.67,88.22
11:20:49,13.95,31.21,0,45.22,0.48,165.82,165.43,19.17,88.22
11:20:54,13.95,31.17,0,45.15,0.46,165.82,160.54,19.48,89.16
11:20:59,13.97,31.17,0,45.15,0.45,165.82,156.76,19.61,89.16
11:21:04,13.95,31.21,0,45.22,0.43,162.16,154.44,19.7,90
11:21:09,13.95,31.21,0,45.22,0.42,162.16,153.71,19.79,90
11:21:14,13.91,31.21,13.67,45.22,0.42,158.75,155.41,19.84,90
11:21:19,13.92,31.21,11.14,45.22,0.42,158.75,165.91,17.04,89.33
11:21:24,13.92,31.21,9.4,45.22,0.43,159.98,171.77,8.88,89.33
11:21:29,13.9,31.21,12.96,45.26,0.44,159.98,176.05,7.03,88.7
11:21:34,13.92,31.21,16.03,45.26,0.46,159.98,178.12,5.98,88.7
11:21:39,13.9,31.21,12.91,45.26,0.46,162.87,180.08,5.34,88.7
11:21:44,13.89,31.17,12.71,45.26,0.47,162.87,181.54,4.6,88.09
11:21:49,13.89,31.17,13.27,45.26,0.48,165.17,183.01,4.11,88.09
11:21:54,13.89,31.17,12.84,45.22,0.5,165.17,184.47,3.96,87.76
11:21:59,13.9,31.17,11.25,45.22,0.5,165.17,186.3,3.88,87.76
11:22:04,13.87,31.17,12.66,45.15,0.51,167.22,188.5,3.86,87.59
11:22:09,13.89,31.17,12.18,45.15,0.52,167.22,191.43,3.85,87.59
11:22:14,13.88,31.17,10.98,45.15,0.53,169.04,194.85,3.84,87.59
11:22:19,13.89,31.17,12.27,45.15,0.53,169.04,199,3.83,87.49
11:22:24,13.9,31.17,13.11,45.15,0.54,170.56,201.93,3.82,87.49
11:22:29,13.87,31.17,12.12,45.09,0.55,170.56,205.23,3.82,87.55
11:22:34,13.87,31.17,9.99,45.09,0.56,170.56,208.52,3.8,87.55
11:22:39,13.89,31.17,11.72,45.09,0.57,172.11,210.84,3.8,87.55
11:22:44,13.92,31.17,11.57,45.15,0.58,172.11,212.92,3.82,87.72
11:22:49,13.89,31.17,11.4,45.15,0.58,173.09,213.65,3.82,87.72
11:22:54,13.89,31.17,10.9,45.15,0.58,173.09,212.18,3.83,87.82
11:22:59,13.88,31.17,10.85,45.15,0.58,173.09,210.6,3.83,87.82
11:23:04,13.88,31.17,12.13,45.22,0.57,173.15,207.91,3.83,87.65
11:23:09,13.87,31.17,12.12,45.22,0.58,173.15,208.03,3.83,87.65
11:23:14,13.91,31.17,9.56,45.22,0.57,172.99,209.86,3.83,87.65
11:23:19,13.9,31.11,12.82,45.22,0.58,172.99,210.23,3.82,87.32
11:23:24,13.89,31.11,11.8,45.22,0.58,173.09,211.09,3.82,87.32
11:23:29,13.87,31.21,9.77,45.26,0.58,173.09,212.55,3.82,87.05
11:23:34,13.88,31.21,11.59,45.26,0.58,173.09,213.89,3.82,87.05
11:23:39,13.89,31.21,9.79,45.26,0.59,173.51,214.87,3.83,87.05
11:23:44,13.89,31.17,10.74,45.26,0.61,173.51,216.82,3.8,86.86
11:23:49,13.95,31.17,0,45.26,0.61,174.12,210.96,3.78,86.86
11:23:54,13.95,31.21,0,45.22,0.59,174.12,190.45,9.93,87.05
11:23:59,13.94,31.21,0,45.22,0.57,174.12,178.24,16.24,87.05
11:24:04,13.95,31.17,0,45.15,0.55,170,172.38,18.22,87.93
11:24:09,13.94,31.17,0,45.15,0.53,170,168.36,18.69,87.93
11:24:14,13.95,31.17,0,45.15,0.51,165.46,164.33,19.09,87.93
11:24:19,13.97,31.21,0,45.15,0.49,165.46,156.88,19.39,88.87
11:24:24,13.96,31.21,0,45.15,0.46,161.8,154.19,19.54,88.87
11:24:29,13.95,31.21,0,45.15,0.43,161.8,152.12,19.63,89.7
11:24:34,13.99,31.21,0,45.15,0.41,161.8,149.68,19.72,89.7
11:24:39,13.91,31.21,13.2,45.15,0.41,158.81,154.8,19.75,89.7
11:24:44,13.91,31.21,11.15,45.15,0.42,158.81,164.57,15.17,89.54
11:24:49,13.9,31.21,12.73,45.15,0.42,160.57,170.06,7.98,89.54
11:24:54,13.92,31.21,12.92,45.22,0.43,160.57,174.22,6.34,89.1
11:24:59,13.91,31.21,15.13,45.22,0.43,160.57,177.39,5.55,89.1
11:25:04,13.89,31.21,13.64,45.26,0.44,163.29,180.08,5.07,88.47
11:25:09,13.89,31.21,13.1,45.26,0.45,163.29,181.05,4.21,88.47
11:25:14,13.92,31.21,10.94,45.26,0.46,165.63,183.37,3.94,88.47
11:25:19,13.9,31.21,12.16,45.26,0.47,165.63,185.2,3.84,87.99
11:25:24,13.89,31.21,12.73,45.26,0.48,167.7,187.16,3.82,87.99
11:25:29,13.88,31.27,12.39,45.22,0.48,167.7,190.45,3.78,87.65
11:25:34,13.89,31.27,13.46,45.22,0.5,167.7,193.87,3.8,87.65
11:25:39,13.88,31.27,10.64,45.22,0.5,169.33,196.92,3.8,87.65
11:25:44,13.91,31.21,12.55,45.22,0.51,169.33,199.85,3.81,87.49
11:25:49,13.91,31.21,10.15,45.22,0.51,170.81,203.52,3.78,87.49
11:25:54,13.9,31.21,10.97,45.15,0.52,170.81,205.47,3.78,87.49
11:25:59,13.89,31.21,9.55,45.15,0.52,170.81,207.3,3.77,87.49
11:26:04,13.88,31.21,9.8,45.15,0.53,171.98,209.62,3.78,87.55
11:26:09,13.87,31.21,11.37,45.15,0.54,171.98,211.7,3.76,87.55
11:26:14,13.89,31.21,9.71,45.15,0.54,172.99,212.79,3.78,87.55
11:26:19,13.9,31.21,10.83,45.15,0.54,172.99,212.06,3.8,87.72
11:26:24,13.89,31.21,13.7,45.15,0.54,173.22,210.84,3.82,87.72
11:26:29,13.9,31.21,9.96,45.22,0.52,173.22,209.74,3.83,87.65
11:26:34,13.89,31.21,11.57,45.22,0.52,173.22,209.13,3.82,87.65
11:26:39,13.89,31.21,12.23,45.22,0.49,173.09,205.1,3.79,87.65
11:26:44,13.89,31.27,7.5,45.26,0.49,173.09,203.52,3.75,87.42
11:26:49,13.88,31.27,11.12,45.26,0.49,173.7,204,3.74,87.42
11:26:54,13.88,31.21,10.88,45.26,0.5,173.7,205.71,3.75,87.22
11:26:59,13.94,31.21,0,45.26,0.51,173.7,202.91,3.77,87.22
11:27:04,13.92,31.27,0,45.26,0.48,173.8,183.01,9.96,87.26
11:27:09,13.95,31.27,0,45.26,0.46,173.8,169.33,15.61,87.26
11:27:14,13.94,31.27,0,45.26,0.45,169.62,163.59,17.97,87.26
11:27:19,13.94,31.27,0,45.22,0.43,169.62,160.54,18.67,88.09
11:27:24,13.94,31.27,0,45.22,0.41,165.4,156.15,19.18,88.09
11:27:29,13.95,31.27,0,45.22,0.4,165.4,151.51,19.37,88.93
11:27:34,13.95,31.27,0,45.22,0.38,165.4,147.72,19.52,88.93
11:27:39,13.96,31.27,0,45.22,0.37,161.8,144.55,19.64,88.93
11:27:44,13.98,31.34,0,45.22,0.35,161.8,142.6,19.74,89.6
11:27:49,13.94,31.34,13.17,45.22,0.35,158.63,143.21,19.77,89.6
11:27:54,13.91,31.34,12.4,45.15,0.37,158.63,153.83,18.36,89.54
11:27:59,13.89,31.34,12.33,45.15,0.38,158.63,160.54,9.19,89.54
11:28:04,13.9,31.27,9.65,45.15,0.39,161.28,165.06,6.99,89.54
11:28:09,13.91,31.27,11.8,45.15,0.4,161.28,168.84,5.9,89.54
11:28:14,13.89,31.27,13.13,45.15,0.41,164.56,172.02,5.27,89.54
11:28:19,13.89,31.34,12.08,45.22,0.42,164.56,174.58,4.49,89.7
11:28:24,13.89,31.34,13.3,45.22,0.43,167.03,177.39,4.08,89.7
11:28:29,13.89,31.34,9.95,45.22,0.45,167.03,179.71,3.93,89.87
11:28:34,13.9,31.34,11.11,45.22,0.45,167.03,183.62,3.86,89.87
11:28:39,13.89,31.34,10.91,45.22,0.47,169.16,188.62,3.83,89.87
11:28:44,13.9,31.27,11.93,45.22,0.47,169.16,192.89,3.83,90.1
11:28:49,13.89,31.27,13.31,45.22,0.48,171.11,197.05,3.83,90.1
11:28:54,13.88,31.27,13.14,45.26,0.49,171.11,199.85,3.85,90.46
11:28:59,13.88,31.27,10.06,45.26,0.5,171.11,201.68,3.85,90.46
11:29:04,13.89,31.27,11.74,45.26,0.5,172.51,201.32,3.83,90.33
11:29:09,13.88,31.27,10.92,45.26,0.51,172.51,200.22,3.84,90.33
11:29:14,13.89,31.27,11.05,45.26,0.51,173.03,199.24,3.83,90.33
11:29:19,13.89,31.27,11.23,45.26,0.52,173.03,199.24,3.83,89.87
11:29:24,13.89,31.27,9.75,45.26,0.53,173.15,199.24,3.83,89.87
11:29:29,13.88,31.27,11.59,45.26,0.55,173.15,200.59,3.8,89.26
11:29:34,13.91,31.27,11.25,45.26,0.55,173.15,202.17,3.76,89.26
11:29:39,13.89,31.27,12.94,45.26,0.56,173.51,203.76,3.75,89.26
11:29:44,13.89,31.27,10.9,45.26,0.55,173.51,205.35,3.78,88.74
11:29:49,13.92,31.27,9.84,45.26,0.55,174.12,206.45,3.8,88.74
11:29:54,13.94,31.27,0,45.26,0.52,174.12,192.89,5.67,88.34
11:29:59,13.91,31.27,0,45.26,0.49,174.12,174.22,14.23,88.34
11:30:04,13.92,31.34,0,45.26,0.47,170.94,166.4,17.63,89.1
11:30:09,13.95,31.34,0,45.26,0.45,170.94,162.86,18.36,89.1
11:30:14,13.95,31.34,0,45.26,0.43,166.93,159.32,18.98,89.1
11:30:19,13.95,31.4,0,45.26,0.42,166.93,154.8,19.32,89.7
11:30:24,13.96,31.4,0,45.26,0.39,162.87,149.19,19.48,89.7
11:30:29,13.95,31.34,0,45.22,0.38,162.87,146.38,19.59,90.52
11:30:34,13.95,31.34,0,45.22,0.37,162.87,144.55,19.69,90.52
11:30:39,13.95,31.34,0,45.22,0.36,159.92,141.25,19.77,90.52
11:30:44,13.92,31.4,14.52,45.22,0.36,159.92,148.82,19.8,90.46
11:30:49,13.9,31.4,12.27,45.22,0.37,160.05,156.76,12.51,90.46
11:30:54,13.91,31.4,12.93,45.32,0.39,160.05,161.88,7.76,90.1
11:30:59,13.92,31.4,11.48,45.32,0.39,160.05,165.43,6.3,90.1
11:31:04,13.88,31.34,13.87,45.32,0.41,163.04,168.48,5.65,89.43
11:31:09,13.88,31.34,11.47,45.32,0.41,163.04,171.53,5.1,89.43
11:31:14,13.9,31.34,12.57,45.32,0.42,165.5,173.24,4.27,89.43
11:31:19,13.89,31.34,12.65,45.32,0.43,165.5,175.68,3.99,88.87
11:31:24,13.89,31.34,11.75,45.32,0.44,167.7,178.61,3.89,88.87
11:31:29,13.91,31.34,10.63,45.26,0.45,167.8,181.66,3.84,88.34
11:31:34,13.89,31.34,12.82,45.26,0.46,167.8,184.71,3.81,88.34
11:31:39,13.88,31.34,10.57,45.26,0.46,169.45,187.77,3.81,88.34
11:31:44,13.89,31.34,9.51,45.26,0.47,169.45,190.82,3.8,88.09
11:31:49,13.87,31.34,12.06,45.26,0.48,170.88,193.51,3.79,88.09
11:31:54,13.87,31.4,10.52,45.26,0.48,170.88,195.95,3.78,88.03
11:31:59,13.92,31.4,9.81,45.26,0.49,170.88,198.27,3.79,88.03
11:32:04,13.89,31.34,10.26,45.32,0.5,172.15,200.46,3.78,88.03
11:32:09,13.89,31.34,9.33,45.32,0.5,172.15,202.3,3.78,88.09
11:32:14,13.91,31.34,10.3,45.32,0.51,173.15,203.52,3.77,88.09
11:32:19,13.9,31.4,11.73,45.26,0.51,173.15,204.74,3.75,88.22
11:32:24,13.86,31.4,9.38,45.26,0.51,173.93,207.06,3.73,88.22
11:32:29,13.92,31.4,0,45.26,0.51,173.93,201.81,3.73,88.47
11:32:34,13.94,31.4,0,45.26,0.48,173.93,180.56,10.24,88.47
11:32:39,13.95,31.4,0,45.26,0.45,171.61,168.23,16.41,88.47
11:32:44,13.94,31.4,0,45.26,0.44,171.61,164.45,18.36,89.6
11:32:49,13.96,31.4,0,45.26,0.41,167.47,159.93,18.92,89.6
11:32:54,13.96,31.46,0,45.32,0.39,167.47,155.29,19.32,90.39
11:32:59,13.96,31.46,0,45.32,0.38,167.47,150.65,19.5,90.39
11:33:04,13.95,31.46,0,45.32,0.37,163.16,146.26,19.67,91
11:33:09,13.95,31.4,0,45.32,0.36,163.16,145.28,19.77,91
11:33:14,13.95,31.4,0,45.32,0.35,159.98,142.35,19.82,91
11:33:19,13.91,31.5,12.13,45.26,0.34,159.98,146.38,19.86,91.04
11:33:24,13.9,31.5,13.45,45.26,0.35,159.86,155.78,15.18,91.04
11:33:29,13.91,31.46,10.51,45.22,0.38,159.86,161.76,8.05,91
11:33:34,13.88,31.46,11.8,45.22,0.38,159.86,165.91,6.49,91
11:33:39,13.89,31.46,14.13,45.22,0.4,163.33,169.45,5.66,91
11:33:44,13.9,31.34,11.69,45.26,0.41,163.33,172.02,5.17,91
11:33:49,13.91,31.34,12.66,45.26,0.42,166.05,175.31,4.36,91
11:33:54,13.86,31.46,12.46,45.26,0.43,166.05,177.15,4.01,91.15
11:33:59,13.89,31.46,11.31,45.26,0.44,166.05,180.93,3.91,91.15
11:34:04,13.87,31.46,10.89,45.26,0.45,168.41,184.47,3.86,91.31
11:34:09,13.88,31.46,11.41,45.26,0.46,168.41,188.99,3.82,91.31
11:34:14,13.89,31.46,11.1,45.26,0.46,170.27,191.55,3.8,91.31
11:34:19,13.87,31.46,10.13,45.32,0.47,170.27,193.26,3.78,91.31
11:34:24,13.88,31.46,9.94,45.32,0.48,171.11,192.89,3.78,91.31
11:34:29,13.92,31.46,10.33,45.32,0.48,171.11,191.67,3.78,90.94
11:34:34,13.89,31.46,11.81,45.32,0.48,171.11,192.28,3.78,90.94
11:34:39,13.88,31.46,10.04,45.32,0.48,171.42,193.51,3.79,90.94
11:34:44,13.89,31.46,10.31,45.32,0.49,171.42,194.73,3.81,90.23
11:34:49,13.88,31.46,13.6,45.32,0.49,171.98,195.95,3.82,90.23
11:34:54,13.89,31.46,12.58,45.26,0.49,171.98,198.14,3.82,89.6
11:34:59,13.89,31.46,12.28,45.26,0.5,171.98,199.37,3.82,89.6
11:35:04,13.89,31.4,11.97,45.22,0.51,172.7,201.68,3.83,89.2
11:35:09,13.89,31.4,12.94,45.22,0.51,172.7,203.64,3.82,89.2
11:35:14,13.89,31.4,10.27,45.22,0.51,173.51,205.1,3.78,89.2
11:35:19,13.88,31.46,10.71,45.26,0.51,173.51,207.79,3.77,88.99
11:35:24,13.92,31.46,0,45.26,0.51,173.87,200.34,3.78,88.99
11:35:29,13.96,31.46,0,45.22,0.48,173.87,179.71,11.41,89.1
11:35:34,13.94,31.46,0,45.22,0.46,173.87,168.11,16.74,89.1
11:35:39,13.93,31.46,0,45.22,0.43,169.68,163.23,18.27,89.1
11:35:44,13.95,31.46,0,45.15,0.42,169.68,160.3,18.71,90.04
11:35:49,13.95,31.46,0,45.15,0.4,165.69,156.02,19.11,90.04
11:35:54,13.97,31.46,0,45.15,0.38,165.69,151.87,19.34,90.87
11:35:59,13.95,31.46,0,45.15,0.37,165.69,145.4,19.5,90.87
11:36:04,13.95,31.46,0,45.15,0.36,162.28,144.55,19.59,91.75
11:36:09,13.97,31.46,0,45.15,0.35,162.28,142.72,19.67,91.75
11:36:14,13.92,31.46,10.93,45.15,0.34,159.17,144.67,19.74,91.75
11:36:19,13.89,31.63,12.93,45.15,0.36,159.17,153.95,14.97,91.65
11:36:24,13.89,31.63,12.84,45.15,0.38,161.57,160.3,8.68,91.65
11:36:29,13.89,31.46,12.82,45.09,0.39,161.57,164.57,6.71,91.71
11:36:34,13.89,31.46,12.06,45.09,0.4,161.57,169.21,5.76,91.71
11:36:39,13.89,31.46,9.9,45.09,0.41,164.81,171.53,5.15,91.71
11:36:44,13.89,31.5,10.7,45.09,0.42,164.81,175.07,4.36,91.81
11:36:49,13.91,31.5,12.2,45.09,0.43,167.28,177.76,4.05,91.81
11:36:54,13.89,31.5,12.44,45.09,0.44,167.28,181.66,3.91,92.11
11:36:59,13.88,31.5,12.42,45.09,0.45,167.28,186.55,3.85,92.11
11:37:04,13.91,31.57,14.41,45.15,0.46,169.39,190.45,3.83,92.34
11:37:09,13.88,31.57,12.55,45.22,0.47,169.39,192.89,3.77,92.34
11:37:14,13.91,31.57,11.87,45.22,0.47,170.98,194.85,3.76,92.34
11:37:19,13.89,31.5,13.15,45.26,0.48,170.98,193.51,3.73,92.11
11:37:24,13.88,31.5,11.87,45.26,0.48,171.55,193.02,3.73,92.11
11:37:29,13.92,31.5,0,45.26,0.48,171.55,193.51,3.74,91.44
11:37:34,13.89,31.5,11.14,45.26,0.49,171.55,194.73,3.74,91.44
11:37:39,13.88,31.5,12.52,45.26,0.49,171.98,195.82,3.76,91.44
11:37:44,13.87,31.5,9.77,45.26,0.49,171.98,197.05,3.78,90.69
11:37:49,13.91,31.5,11.71,45.26,0.5,172.51,198.51,3.8,90.69
11:37:54,13.87,31.46,11.21,45.26,0.5,172.51,201.2,3.8,90.04
11:37:59,13.89,31.46,11.56,45.26,0.51,172.51,203.15,3.78,90.04
11:38:04,13.9,31.5,11.99,45.26,0.51,173.28,204.37,3.76,89.6
11:38:09,13.87,31.5,14.24,45.26,0.51,173.28,205.59,3.75,89.6
11:38:14,13.91,31.5,0,45.26,0.51,173.99,207.18,3.75,89.6
11:38:19,13.94,31.5,0,45.22,0.5,173.99,191.19,5.95,89.37
11:38:24,13.97,31.5,0,45.22,0.47,171.36,172.99,14.23,89.37
11:38:29,13.95,31.57,0,45.22,0.45,171.11,166.28,17.25,90.1
11:38:34,13.94,31.57,0,45.22,0.42,171.11,161.4,18.26,90.1
11:38:39,13.94,31.57,0,45.22,0.41,167.09,157.98,18.74,90.1
11:38:44,13.95,31.57,0,45.22,0.39,167.09,153.95,19.14,91.1
11:38:49,13.95,31.57,0,45.22,0.37,163.33,150.04,19.37,91.1
11:38:54,13.95,31.57,0,45.22,0.37,163.33,144.92,19.5,91.81
11:38:59,13.97,31.57,0,45.22,0.36,163.33,143.82,19.58,91.81
11:39:04,13.95,31.57,0,45.22,0.34,160.4,142.35,19.65,92.04
11:39:09,13.91,31.57,13.55,45.22,0.36,160.4,149.92,19.53,92.04
11:39:14,13.94,31.57,11.84,45.22,0.37,160.05,157.37,11.1,92.04
11:39:19,13.92,31.57,12.82,45.26,0.37,160.05,162.37,7.41,91.61
11:39:24,13.87,31.57,12.18,45.26,0.39,162.81,165.55,6.1,91.61
11:39:29,13.89,31.57,11.56,45.32,0.4,162.81,167.99,5.37,90.87
11:39:34,13.9,31.57,13.02,45.32,0.4,162.81,169.33,4.82,90.87
11:39:39,13.92,31.57,10.6,45.32,0.41,165.27,171.16,4.15,90.87
11:39:44,13.86,31.5,12.28,45.32,0.42,165.27,173.36,3.94,89.93
11:39:49,13.88,31.5,12.06,45.32,0.42,166.99,174.34,3.85,89.93
11:39:54,13.87,31.5,12.12,45.32,0.43,166.99,175.92,3.83,89.26
11:39:59,13.87,31.5,11.46,45.32,0.44,166.99,178.98,3.83,89.26
11:40:04,13.89,31.5,12.88,45.26,0.45,168.41,182.15,3.82,88.74
11:40:09,13.9,31.5,11.84,45.26,0.46,168.41,183.62,3.82,88.74
11:40:14,13.87,31.5,12.19,45.26,0.46,169.52,187.16,3.82,88.74
11:40:19,13.86,31.5,12.63,45.22,0.46,169.52,189.84,3.82,88.41
11:40:24,13.86,31.5,11.06,45.22,0.47,170.63,191.67,3.8,88.41
11:40:29,13.89,31.5,10.63,45.22,0.48,170.63,193.87,3.78,88.28
11:40:34,13.89,31.5,11.31,45.22,0.48,170.63,195.82,3.75,88.28
11:40:39,13.9,31.5,11.55,45.22,0.5,171.73,198.02,3.74,88.28
11:40:44,13.89,31.57,11.31,45.26,0.49,171.73,199.61,3.74,88.34
11:40:49,13.87,31.57,10.97,45.26,0.5,172.57,200.95,3.74,88.34
11:40:54,13.92,31.57,11.06,45.26,0.5,172.57,202.78,3.72,88.51
11:40:59,13.9,31.57,13.4,45.26,0.51,172.57,204.49,3.72,88.51
11:41:04,13.86,31.57,12.77,45.22,0.52,173.57,206.08,3.72,88.7
11:41:09,13.91,31.57,11.29,45.22,0.52,173.57,208.28,3.71,88.7
11:41:14,13.89,31.57,0,45.22,0.5,173.93,195.09,4.79,88.7
11:41:19,13.93,31.5,0,45.26,0.48,173.93,175.31,13.56,89.26
11:41:24,13.93,31.5,0,45.26,0.45,169.87,166.77,17.51,89.26
11:41:29,13.91,31.5,0,45.26,0.43,169.87,162.86,18.32,90.69
11:41:34,13.92,31.5,0,45.26,0.41,169.87,159.93,18.84,90.69
11:41:39,13.94,31.5,0,45.26,0.4,165.69,156.15,19.22,90.69
11:41:44,13.94,31.57,0,45.22,0.38,165.69,150.41,19.39,91.81
11:41:49,13.95,31.57,0,45.22,0.37,162.28,146.99,19.55,91.81
11:41:54,13.97,31.63,0,45.22,0.36,162.28,145.4,19.64,92.92
11:41:59,13.96,31.63,0,45.22,0.35,162.28,145.16,19.69,92.92
11:42:04,13.91,31.63,12.54,45.26,0.36,159.61,150.41,19.75,93.05
11:42:09,13.9,31.63,13.62,45.26,0.37,159.61,158.95,14.16,93.05
11:42:14,13.9,31.63,9.52,45.26,0.38,161.34,164.57,7.8,93.05
11:42:19,13.89,31.63,9.19,45.26,0.39,161.34,168.23,6.37,93.15
11:42:24,13.89,31.63,12.67,45.26,0.41,164.4,171.29,5.53,93.15
11:42:29,13.91,31.63,13.62,45.26,0.42,164.4,174.09,5.12,93.21
11:42:34,13.88,31.63,10.23,45.26,0.43,164.4,176.54,4.26,93.21
11:42:39,13.89,31.63,12.28,45.26,0.44,167.34,179.59,3.98,93.21
11:42:44,13.89,31.63,13.28,45.26,0.45,167.34,183.74,3.88,93.36
11:42:49,13.9,31.63,9.03,45.26,0.46,169.52,187.64,3.83,93.36
11:42:54,13.89,31.63,11,45.26,0.47,169.52,191.67,3.84,93.55
11:42:59,13.87,31.63,13.5,45.26,0.48,169.52,194.24,3.82,93.55
11:43:04,13.89,31.57,11.41,45.32,0.48,170.98,195.09,3.78,93.32
11:43:09,13.87,31.57,10.89,45.26,0.49,170.98,194.36,3.75,93.32
11:43:14,13.89,31.57,13.48,45.26,0.48,171.55,193.26,3.75,93.32
11:43:19,13.9,31.57,10.87,45.32,0.48,171.55,194.24,3.76,92.63
11:43:24,13.9,31.57,13.5,45.32,0.49,171.98,195.82,3.76,92.63
11:43:29,13.87,31.57,14.16,45.32,0.49,171.98,196.8,3.76,91.75
11:43:34,13.87,31.57,11.98,45.32,0.49,171.98,198.39,3.78,91.75
11:43:39,13.89,31.57,10.72,45.32,0.5,172.51,200.22,3.77,91.75
11:43:44,13.87,31.57,12.57,45.26,0.5,172.51,202.3,3.77,91.21
11:43:49,13.88,31.57,13.22,45.26,0.51,173.28,203.76,3.78,91.21
11:43:54,13.88,31.63,12.28,45.26,0.52,173.28,204.86,3.77,90.81
11:43:59,13.86,31.63,12.7,45.26,0.52,173.28,206.69,3.75,90.81
11:44:04,13.92,31.63,0,45.26,0.52,174.05,200.22,3.75,90.52
11:44:09,13.92,31.63,0,45.26,0.49,174.05,180.08,11.92,90.52
11:44:14,13.95,31.63,0,45.26,0.45,170.81,168.48,16.21,90.52
11:44:19,13.94,31.69,0,45.22,0.44,170.81,163.72,17.99,91.25
11:44:24,13.97,31.69,0,45.22,0.42,166.86,160.3,18.58,91.25
11:44:29,13.95,31.63,0,45.15,0.4,166.86,156.76,19.06,91.98
11:44:34,13.93,31.63,0,45.15,0.39,166.86,152.97,19.33,91.98
11:44:39,13.95,31.63,0,45.15,0.37,163.23,148.33,19.47,91.98
11:44:44,13.94,31.69,0,45.15,0.36,163.23,147.23,19.57,92.86
11:44:49,13.95,31.69,0,45.15,0.35,160.34,144.67,19.64,92.86
11:44:54,13.89,31.69,11.74,45.26,0.35,160.34,145.65,19.69,92.75
11:44:59,13.91,31.69,11.71,45.26,0.36,160.34,154.32,15.99,92.75
11:45:04,13.89,31.69,11.94,45.26,0.37,160.47,160.18,8.61,92.11
11:45:09,13.91,31.69,12.85,45.26,0.38,160.47,164.08,6.62,92.11
11:45:14,13.89,31.69,11.65,45.26,0.39,163.16,166.89,5.72,92.11
11:45:19,13.9,31.69,10.75,45.32,0.4,163.16,169.45,5.15,91.25
11:45:24,13.89,31.69,13.44,45.32,0.42,165.34,170.92,4.38,91.25
11:45:29,13.88,31.69,12.05,45.36,0.42,165.34,172.51,3.97,90.39
11:45:34,13.87,31.69,11.36,45.36,0.43,165.34,173.97,3.85,90.39
11:45:39,13.89,31.69,14.57,45.36,0.43,167.03,176.05,3.82,90.39
11:45:44,13.89,31.69,10.72,45.36,0.44,167.03,178.61,3.8,89.87
11:45:49,13.88,31.69,11.6,45.36,0.45,168.51,181.66,3.79,89.87
11:45:54,13.91,31.69,12.33,45.32,0.46,168.51,184.23,3.81,89.43
11:45:59,13.89,31.69,9.77,45.32,0.46,168.51,186.67,3.79,89.43
11:46:04,13.88,31.69,13.72,45.26,0.46,169.75,188.62,3.76,89.26
11:46:09,13.88,31.69,13.23,45.26,0.47,169.75,191.06,3.74,89.26
11:46:14,13.88,31.69,13.65,45.26,0.48,170.81,193.14,3.72,89.26
11:46:19,13.89,31.63,12.15,45.26,0.49,170.81,195.21,3.71,89.16
11:46:24,13.86,31.63,11.73,45.26,0.49,171.92,197.53,3.71,89.16
11:46:29,13.89,31.69,13.33,45.26,0.5,171.92,199.98,3.72,89.26
11:46:34,13.88,31.69,14.23,45.26,0.5,171.92,201.2,3.75,89.26
11:46:39,13.87,31.69,9.85,45.26,0.51,172.8,203.27,3.75,89.26
11:46:44,13.87,31.69,13.25,45.22,0.51,172.8,204,3.75,89.43
11:46:49,13.89,31.69,0,45.22,0.52,173.74,205.84,3.76,89.43
11:46:54,13.91,31.69,0,45.22,0.52,173.74,207.79,3.76,89.7
11:46:59,13.91,31.69,0,45.22,0.5,173.74,193.75,5.71,89.7
11:47:04,13.9,31.75,0,45.26,0.47,172.92,175.31,13.62,90.75
11:47:09,13.92,31.75,0,45.26,0.45,172.92,167.01,17.21,90.75
11:47:14,13.95,31.75,0,45.26,0.43,168.87,162.86,18.74,90.75
11:47:19,13.93,31.75,0,45.26,0.42,168.87,159.57,19.23,92.17
11:47:24,13.94,31.75,0,45.26,0.4,164.81,155.41,19.47,92.17
11:47:29,13.95,31.75,0,45.22,0.38,164.81,151.14,19.63,93.26
11:47:34,13.91,31.75,0,45.22,0.37,164.81,147.72,19.74,93.26
11:47:39,13.94,31.75,0,45.22,0.37,161.74,146.14,19.82,93.26
11:47:44,13.95,31.75,0,45.15,0.35,161.74,143.94,19.88,94.09
11:47:49,13.92,31.75,11.24,45.15,0.35,159.67,146.87,19.89,94.09
11:47:54,13.89,31.75,12.02,45.22,0.37,159.67,152.97,13.47,94.16
11:47:59,13.9,31.75,12.67,45.22,0.39,159.67,157.37,8,94.16
11:48:04,13.88,31.75,12.08,45.32,0.41,162.58,161.64,6.44,93.86
11:48:09,13.91,31.75,14.14,45.32,0.43,162.58,165.43,5.6,93.86
11:48:14,13.87,31.75,12,45.32,0.45,165.27,169.33,5.1,93.86
11:48:19,13.88,31.69,13.72,45.32,0.47,165.27,172.26,4.19,93.21
11:48:24,13.89,31.69,11.76,45.32,0.49,167.41,175.07,3.98,93.21
11:48:29,13.9,31.75,14.13,45.26,0.49,167.41,178.98,3.89,92.57
11:48:34,13.88,31.75,13.78,45.26,0.5,167.41,182.64,3.85,92.57
11:48:39,13.91,31.75,11.37,45.26,0.5,168.99,185.45,3.85,92.57
11:48:44,13.88,31.75,10.87,45.32,0.5,168.99,188.74,3.83,91.98
11:48:49,13.87,31.75,11.59,45.32,0.5,170.27,191.8,3.81,91.98
11:48:54,13.88,31.75,12.62,45.32,0.51,170.27,194.6,3.82,91.71
11:48:59,13.89,31.75,10.71,45.32,0.51,170.27,195.95,3.82,91.71
11:49:04,13.87,31.82,10.58,45.26,0.5,171.67,198.51,3.8,91.61
11:49:09,13.86,31.75,13.45,45.26,0.51,171.67,200.59,3.8,91.54
11:49:14,13.87,31.75,12.39,45.26,0.52,172.76,201.81,3.8,91.54
11:49:19,13.89,31.75,13.15,45.32,0.52,172.76,202.17,3.8,91.54
11:49:24,13.88,31.75,0,45.32,0.51,173.22,201.68,3.79,91.54
11:49:29,13.86,31.75,13.34,45.36,0.52,173.22,202.17,3.79,91.38
11:49:34,13.87,31.75,11.72,45.36,0.52,173.22,203.03,3.78,91.38
11:49:39,13.91,31.75,10.33,45.36,0.52,173.64,203.88,3.77,91.38
11:49:44,13.89,31.75,9.53,45.26,0.52,173.64,205.1,3.75,90.94
11:49:49,13.9,31.75,10.58,45.26,0.52,174.12,206.57,3.76,90.94
11:49:54,13.91,31.75,0,45.26,0.5,174.12,193.87,5.65,90.52
11:49:59,13.92,31.75,0,45.26,0.48,174.12,175.8,14.22,90.52
11:50:04,13.94,31.75,0,45.26,0.45,171.04,167.75,17.44,91
11:50:09,13.91,31.75,0,45.26,0.43,171.04,163.35,18.39,91
11:50:14,13.92,31.75,0,45.26,0.41,167.09,159.93,18.86,91
11:50:19,13.93,31.88,0,45.32,0.4,167.09,155.78,19.25,91.65
11:50:24,13.94,31.88,0,45.32,0.38,163.52,150.65,19.44,91.65
11:50:29,13.95,31.82,0,45.26,0.37,163.52,147.36,19.58,92.27
11:50:34,13.95,31.82,0,45.26,0.36,163.52,146.5,19.65,92.27
11:50:39,13.93,31.82,0,45.26,0.34,160.51,144.67,19.73,92.27
11:50:44,13.94,31.88,13.36,45.22,0.35,160.51,150.41,19.76,92.34
11:50:49,13.9,31.88,13.29,45.22,0.37,160.47,158.95,13.31,92.34
11:50:54,13.89,31.88,10.66,45.26,0.38,160.47,164.2,7.93,92.27
11:50:59,13.89,31.88,12.33,45.26,0.39,160.47,166.52,6.51,92.27
11:51:04,13.87,31.88,9.74,45.32,0.4,163.56,169.7,5.63,91.75
11:51:09,13.87,31.82,9.9,45.32,0.39,163.56,172.02,5.09,91.75
11:51:14,13.89,31.82,0,45.32,0.42,165.86,173.73,4.23,91.75
11:51:19,13.88,31.82,10.43,45.32,0.42,165.86,175.56,3.97,91.1
11:51:24,13.89,31.82,11.44,45.32,0.42,167.74,177.76,3.88,91.1
11:51:29,13.89,31.82,10.61,45.32,0.43,167.74,180.44,3.82,90.56
11:51:34,13.9,31.82,9.33,45.32,0.44,167.74,182.52,3.77,90.56
11:51:39,13.88,31.82,0,45.32,0.45,169.1,185.57,3.74,90.56
11:51:44,13.87,31.88,11.74,45.32,0.45,169.1,188.5,3.74,90.29
11:51:49,13.87,31.88,0,45.32,0.46,170.33,190.7,3.75,90.29
11:51:54,13.88,31.82,10,45.32,0.46,170.33,193.26,3.72,90.04
11:51:59,13.86,31.82,10.06,45.32,0.47,170.33,195.95,3.72,90.04
11:52:04,13.9,31.82,10.55,45.32,0.48,171.48,197.78,3.68,90
11:52:09,13.88,31.82,0,45.32,0.48,171.48,200.46,3.64,90
11:52:14,13.88,31.82,0,45.32,0.48,172.63,202.3,3.63,90
11:52:19,13.88,31.82,11.61,45.32,0.49,172.63,203.88,3.64,90.1
11:52:24,13.87,31.82,9.96,45.32,0.5,173.64,205.71,3.66,90.1
11:52:29,13.89,31.82,0,45.26,0.51,173.64,207.67,3.68,90.29
11:52:34,13.91,31.82,0,45.26,0.5,173.64,201.32,3.68,90.29
11:52:39,13.92,31.82,0,45.26,0.48,173.09,180.2,11,90.29
11:52:44,13.92,31.88,0,45.32,0.45,173.09,168.6,15.96,90.87
11:52:49,13.93,31.88,0,45.32,0.43,168.93,163.84,18.22,90.87
11:52:54,13.95,31.82,0,45.36,0.41,168.93,160.05,18.79,91.44
11:52:59,13.94,31.82,0,45.36,0.39,168.93,156.51,19.25,91.44
11:53:04,13.94,31.88,0,45.36,0.38,164.98,151.75,19.48,91.75
11:53:09,13.93,31.88,0,45.36,0.37,164.98,148.21,19.59,91.75
11:53:14,13.95,31.88,0,45.36,0.35,161.64,146.38,19.69,91.75
11:53:19,13.95,31.88,0,45.36,0.34,161.64,144.67,19.79,92.04
11:53:24,13.88,31.88,10.91,45.36,0.34,159.3,145.4,19.81,92.04
11:53:29,13.88,31.92,0,45.36,0.36,159.3,154.32,15.08,91.75
11:53:34,13.9,31.92,0,45.36,0.37,159.3,160.79,8.26,91.75
11:53:39,13.91,31.92,12.41,45.36,0.38,162.35,165.3,6.67,91.75
11:53:44,13.91,31.92,9.94,45.32,0.4,162.35,168.72,5.68,91.65
11:53:49,13.87,31.92,0,45.32,0.41,165.4,172.38,5.08,91.65
11:53:54,13.87,31.88,8.48,45.32,0.42,165.4,175.07,4.27,91.61
11:53:59,13.88,31.88,11.12,45.32,0.43,165.4,179.1,3.98,91.61
11:54:04,13.89,31.88,0,45.36,0.43,167.87,182.4,3.89,91.44
11:54:09,13.89,31.88,12.1,45.36,0.44,167.87,185.57,3.85,91.44
11:54:14,13.86,31.88,9.92,45.36,0.45,169.81,188.38,3.82,91.44
11:54:19,13.86,31.88,0,45.43,0.46,169.81,189.6,3.8,90.94
11:54:24,13.89,31.88,0,45.43,0.46,170.46,188.87,3.78,90.94
11:54:29,13.89,31.88,0,45.49,0.46,170.46,188.74,3.76,90.1
11:54:34,13.87,31.88,11.84,45.49,0.46,170.46,188.99,3.75,90.1
11:54:39,13.88,31.88,0,45.49,0.47,170.98,191.55,3.74,90.1
11:54:44,13.88,31.88,9.38,45.53,0.48,170.98,194.6,3.73,89.26
11:54:49,13.85,31.88,11.52,45.53,0.48,171.73,196.8,3.71,89.26
11:54:54,13.88,31.82,0,45.49,0.48,171.73,198.39,3.69,88.64
11:54:59,13.88,31.82,0,45.49,0.49,171.73,200.71,3.67,88.64
11:55:04,13.87,31.82,0,45.53,0.5,172.7,203.03,3.69,88.16
11:55:09,13.89,31.82,11.68,45.53,0.5,172.7,203.64,3.69,88.16
11:55:14,13.89,31.82,0,45.53,0.51,173.41,203.64,3.69,88.16
11:55:19,13.89,31.88,11.04,45.53,0.51,173.41,203.03,3.65,87.72
11:55:24,13.86,31.88,8.89,45.53,0.51,173.7,202.05,3.64,87.72
11:55:29,13.86,31.92,9.03,45.59,0.51,173.7,202.42,3.63,87.26
11:55:34,13.9,31.92,10.12,45.59,0.51,173.7,203.15,3.64,87.26
11:55:39,13.87,31.92,12.44,45.59,0.51,173.87,204.37,3.64,87.26
11:55:44,13.89,31.92,9.08,45.59,0.51,173.87,206.32,3.63,86.76
11:55:49,13.91,31.92,0,45.59,0.5,174.05,199,3.64,86.76
11:55:54,13.9,31.92,0,45.59,0.47,174.05,178.49,11.26,86.4
11:55:59,13.91,31.92,0,45.59,0.45,174.05,167.26,16.31,86.4
11:56:04,13.94,31.92,0,45.59,0.43,169.87,162.37,18.13,86.82
11:56:09,13.92,31.92,0,45.59,0.41,169.87,158.59,18.65,86.82
11:56:14,13.92,31.92,0,45.59,0.39,165.63,154.93,19.11,86.82
11:56:19,13.92,31.92,0,45.53,0.37,165.63,150.53,19.36,87.32
11:56:24,13.94,31.92,0,45.53,0.36,162.1,146.87,19.53,87.32
11:56:29,13.94,31.92,0,45.53,0.34,162.1,143.45,19.63,87.72
11:56:34,13.94,31.92,0,45.53,0.34,162.1,140.4,19.69,87.72
11:56:39,13.9,31.92,11.93,45.53,0.34,159.3,142.35,19.75,87.72
11:56:44,13.89,31.92,12.57,45.59,0.35,159.3,145.04,14.98,87.22
11:56:49,13.91,31.92,0,45.59,0.36,160.99,146.75,8.16,87.22
11:56:54,13.9,31.98,11.14,45.66,0.38,160.99,150.65,6.49,86.82
11:56:59,13.9,31.98,11.58,45.66,0.38,160.99,154.93,5.63,86.82
11:57:04,13.89,31.92,0,45.66,0.39,163.69,159.44,5.01,86.34
11:57:09,13.86,31.92,11.6,45.66,0.4,163.69,163.59,4.25,86.34
11:57:14,13.92,31.92,0,45.66,0.4,166.05,162.86,3.93,86.34
11:57:19,13.91,31.98,0,45.59,0.38,166.05,154.19,10.99,86.21
11:57:24,13.91,31.98,0,45.59,0.37,163,147.85,16.44,86.21
11:57:29,13.91,31.98,0,45.59,0.36,163,142.84,17.97,86.92
11:57:34,13.95,31.98,0,45.59,0.34,163,140.4,18.53,86.92
11:57:39,13.96,31.98,0,45.59,0.33,159.36,138.69,18.99,86.92
11:57:44,13.92,31.98,0,45.59,0.33,159.36,138.2,19.29,87.36
11:57:49,13.93,31.98,0,45.59,0.32,156.51,132.58,19.44,87.36
11:57:54,13.95,31.98,0,45.59,0.32,156.51,124.04,19.56,87.22
11:57:59,13.94,31.98,0,45.59,0.31,156.51,117.93,19.64,87.22
11:58:04,13.95,31.98,0,45.53,0.31,153.86,112.56,19.68,86.76
11:58:09,13.97,31.98,0,45.53,0.3,153.86,109.02,19.73,86.5
11:58:14,13.95,31.98,0,45.53,0.29,151.81,107.31,19.8,86.5
11:58:19,13.98,32.11,0,45.53,0.29,151.81,105.97,20.05,86.11
11:58:24,13.96,32.11,0,45.53,0.28,149.41,104.5,20.16,86.11
11:58:29,13.97,32.05,0,45.59,0.27,149.09,102.67,20.17,85.65
11:58:34,13.97,32.05,0,45.59,0.28,149.09,100.96,20.18,85.65
11:58:39,13.97,32.05,0,45.59,0.27,146.69,101.21,20.19,85.65
11:58:44,13.97,32.11,0,45.59,0.27,146.69,103.04,20.19,85.21
11:58:49,13.98,32.11,0,45.59,0.26,144.39,106.34,20.19,85.21
11:58:54,14.02,32.11,0,45.59,0.26,144.39,109.02,20.17,84.75
11:58:59,14,32.11,0,45.59,0.25,144.39,111.59,20.16,84.75
11:59:04,13.97,32.11,0,45.53,0.25,142.4,112.93,20.16,84.33
11:59:09,14,32.11,0,45.53,0.24,142.4,115,20.14,84.33
11:59:14,13.98,32.11,0,45.53,0.25,140.4,117.2,20.15,84.33
11:59:19,14,32.11,0,45.53,0.25,140.4,118.06,20.13,84.04
11:59:24,14,32.11,0,45.53,0.24,138.81,118.67,20.12,84.04
11:59:29,14.03,32.11,0,45.49,0.24,138.75,119.16,20.1,83.81
11:59:34,14,32.11,0,45.49,0.24,138.75,119.64,20.1,83.81
11:59:39,14,32.11,0,45.49,0.24,137.16,120.13,20.08,83.81
11:59:44,14.01,32.11,0,45.53,0.24,137.16,120.13,20.1,83.51
11:59:49,14.01,32.11,0,45.53,0.24,135.82,120.13,20.08,83.51
11:59:54,14.03,32.15,0,45.53,0.24,135.82,120.13,20.07,83.45
11:59:59,14.01,32.15,0,45.53,0.23,135.82,120.38,20.06,83.45
12:00:04,14,32.15,0,45.59,0.23,134.46,120.13,20.06,83.28
12:00:09,14.04,32.15,0,45.59,0.23,134.46,119.89,20.07,83.35
12:00:14,14.03,32.15,0,45.59,0.23,133.64,119.77,20.06,83.35
12:00:19,14.03,32.15,0,45.53,0.22,133.64,119.52,20.05,83.22
12:00:24,14.02,32.15,0,45.53,0.23,133.31,119.03,20.03,83.22
12:00:29,14,32.15,0,45.49,0.23,133.31,118.67,20.03,83.1
12:00:34,14.03,32.15,0,45.49,0.22,133.31,118.54,20.04,83.1
12:00:39,14.02,32.15,0,45.49,0.22,133.1,118.06,20.04,83.1
12:00:44,14.02,32.21,0,45.53,0.23,133.1,117.57,20.05,82.99
12:00:49,14.02,32.21,0,45.53,0.22,132.5,116.96,20.03,82.99
12:00:54,14.01,32.15,0,45.49,0.22,132.5,116.59,20.02,82.93
12:00:59,14.02,32.15,0,45.49,0.22,132.5,116.1,20.01,82.93
12:01:04,14.02,32.15,0,45.53,0.22,131.76,115.61,20,82.83
12:01:09,14.03,32.15,0,45.53,0.22,131.76,115.37,20.01,82.83
12:01:14,14.04,32.15,0,45.53,0.22,131.09,114.88,20.02,82.83
12:01:19,14.04,32.21,0,45.53,0.22,131.09,114.88,20,82.76
12:01:24,14.06,32.21,0,45.53,0.22,130.47,113.54,20.01,82.76
12:01:29,14.05,32.21,0,45.53,0.22,130.47,113.3,20,82.66
12:01:34,14.07,32.21,0,45.53,0.22,130.47,112.81,20,82.66
12:01:39,14.05,32.21,0,45.53,0.22,129.63,112.81,20.01,82.66
12:01:44,14.04,32.28,0,45.49,0.22,129.63,112.2,20,82.6
12:01:49,14.05,32.28,0,45.49,0.21,128.98,112.07,20,82.6
12:01:54,14.02,32.21,0,45.53,0.21,128.98,111.34,20,82.43
12:01:59,14.05,32.21,0,45.53,0.21,128.98,110.73,19.99,82.43
12:02:04,14.04,32.21,0,45.49,0.21,128.21,110.24,19.99,82.37
12:02:09,14.03,32.21,0,45.49,0.21,128.21,109.51,19.99,82.37
12:02:14,14.03,32.21,0,45.49,0.21,127.56,109.27,19.98,82.37
12:02:19,14.05,32.21,0,45.49,0.21,127.56,109.02,19.99,82.26
12:02:24,14.04,32.21,0,45.49,0.21,126.87,108.9,19.99,82.26
12:02:29,14.05,32.21,0,45.49,0.21,126.87,107.8,19.97,82.09
12:02:34,14.03,32.21,0,45.49,0.21,126.87,108.05,19.96,82.09
12:02:39,14.06,32.21,0,45.49,0.21,126.22,107.43,19.97,82.09
12:02:44,14.07,32.28,0,45.36,0.21,126.22,107.19,19.97,82.03
12:02:49,14.08,32.28,0,45.36,0.21,125.64,106.7,19.98,82.03
12:02:54,14.05,32.34,0,45.43,0.21,125.64,106.58,19.97,81.99
12:02:59,14.06,32.34,0,45.43,0.21,125.64,105.97,19.97,81.99
12:03:04,14.05,32.34,0,45.43,0.21,124.99,105.24,19.97,81.93
12:03:09,14.05,32.34,0,45.43,0.21,124.99,105.36,19.97,81.93
12:03:14,14.04,32.34,0,45.43,0.21,124.28,104.87,19.97,81.93
12:03:19,14.04,32.34,0,45.43,0.21,124.28,104.26,19.97,81.8
12:03:24,14.06,32.34,0,45.43,0.21,123.63,103.41,19.97,81.8
12:03:29,14.04,32.34,0,45.43,0.21,123.63,103.41,19.97,81.7
12:03:34,14.03,32.34,0,45.43,0.2,123.63,102.31,19.97,81.7
12:03:39,14.06,32.34,0,45.43,0.21,122.98,102.43,19.97,81.7
12:03:44,14.05,32.34,0,45.36,0.21,122.98,102.19,19.99,81.63
12:03:49,14.08,32.34,0,45.36,0.2,122.54,101.82,19.99,81.63
12:03:54,14.06,32.34,0,45.43,0.21,122.54,101.7,19.99,81.51
12:03:59,14.07,32.34,0,45.43,0.21,122.54,101.33,19.99,81.51
12:04:04,14.05,32.34,0,45.36,0.21,121.98,101.09,19.98,81.47
12:04:09,14.05,32.34,0,45.36,0.21,121.98,100.35,19.99,81.47
12:04:14,14.05,32.34,0,45.36,0.21,121.29,99.87,19.99,81.47
12:04:19,14.06,32.34,0,45.36,0.21,121.29,99.62,20,81.34
12:04:24,14.05,32.34,0,45.36,0.2,120.68,99.26,19.99,81.34
12:04:29,14.05,32.34,0,45.36,0.21,120.68,99.13,19.99,81.28
12:04:34,14.04,32.34,0,45.36,0.2,120.68,98.77,20,81.28
12:04:39,14.05,32.34,0,45.36,0.21,119.99,98.16,20,81.28
12:04:44,14.07,32.34,0,45.36,0.2,119.99,97.67,19.99,81.15
12:04:49,14.05,32.34,0,45.36,0.2,119.41,97.06,20,81.15
12:04:54,14.06,32.4,0,45.32,0.2,119.41,97.06,20,81.09
12:04:59,14.06,32.4,0,45.32,0.2,119.41,96.57,19.99,81.09
12:05:04,14.08,32.47,0,45.36,0.2,118.66,95.84,19.98,81.05
12:05:09,14.08,32.47,0,45.36,0.2,118.66,95.47,19.97,81.05
12:05:14,14.09,32.47,0,45.36,0.2,118.15,95.35,19.99,81.05
12:05:19,14.06,32.47,0,45.36,0.2,118.15,94.62,19.99,80.92
12:05:24,14.06,32.47,0,45.36,0.2,117.57,94.49,19.97,80.92
12:05:29,14.08,32.47,0,45.36,0.19,117.57,94.13,19.97,80.86
12:05:34,14.07,32.47,0,45.36,0.2,117.57,93.88,19.99,80.86
12:05:39,14.05,32.47,0,45.36,0.2,116.92,93.03,19.99,80.86
12:05:44,14.05,32.47,0,45.36,0.2,116.92,92.78,19.98,80.82
12:05:49,14.05,32.47,0,45.36,0.19,116.21,92.05,19.97,80.82
12:05:54,14.05,32.47,0,45.32,0.19,116.21,91.93,19.97,80.71
12:05:59,14.08,32.47,0,45.32,0.2,116.21,91.69,19.97,80.71
12:06:04,14.08,32.47,0,45.32,0.2,115.75,91.44,19.99,80.65
12:06:09,14.06,32.47,0,45.32,0.19,115.75,90.71,19.99,80.65
12:06:14,14.08,32.47,0,45.32,0.2,115.1,90.71,19.99,80.65
12:06:19,14.08,32.51,0,45.26,0.19,115.1,90.22,20,80.55
12:06:24,14.05,32.51,0,45.26,0.19,114.43,89.61,19.99,80.55
12:06:29,14.06,32.51,0,45.26,0.2,114.43,89.12,19.99,80.48
12:06:34,14.08,32.51,0,45.26,0.19,114.43,88.27,20,80.48
12:06:39,14.06,32.51,0,45.26,0.2,114.04,88.02,20,80.48
12:06:44,14.08,32.51,0,45.26,0.18,114.04,87.54,20,80.42
12:06:49,14.06,32.51,0,45.26,0.19,113.35,87.05,20,80.42
12:06:54,14.07,32.51,0,45.26,0.19,113.35,86.8,20,80.32
12:06:59,14.06,32.51,0,45.26,0.19,113.35,86.19,19.99,80.32
12:07:04,14.09,32.51,0,45.26,0.19,112.74,85.58,19.99,80.25
12:07:09,14.08,32.51,0,45.26,0.19,112.74,85.22,20,80.25
12:07:14,14.06,32.51,0,45.26,0.19,111.76,84.85,19.99,80.25
12:07:19,14.07,32.51,0,45.22,0.19,111.76,83.26,19.99,80.21
12:07:24,14.08,32.51,0,45.22,0.18,110.21,82.53,19.96,80.21
12:07:29,14.06,32.57,0,45.26,0.18,110.21,82.16,19.95,80.15
12:07:34,14.08,32.57,0,45.26,0.19,110.21,81.31,19.95,80.15
12:07:39,14.06,32.57,0,45.26,0.19,108.75,80.82,19.94,80.15
12:07:44,14.06,32.63,0,45.32,0.18,108.75,80.33,19.94,80.15
12:07:49,14.08,32.63,0,45.32,0.19,107.33,79.72,19.93,80.15
12:07:54,14.07,32.57,0,45.32,0.19,107.33,79.11,19.92,80.11
12:07:59,14.07,32.57,0,45.32,0.19,107.33,79.72,19.93,80.11
12:08:04,14.09,32.57,0,45.32,0.19,106.41,78.13,19.94,79.98
12:08:09,14.08,32.57,0,45.32,0.18,106.41,78.01,19.93,79.98
12:08:14,14.06,32.57,0,45.32,0.18,105.28,77.4,19.94,79.98
12:08:19,14.08,32.57,0,45.32,0.18,105.28,76.79,19.94,79.88
12:08:24,14.09,32.57,0,45.32,0.17,104.61,75.94,19.95,79.88
12:08:29,14.08,32.63,0,45.32,0.18,104.61,75.81,19.95,79.75
12:08:34,14.08,32.63,0,45.32,0.18,104.61,75.94,19.97,79.75
12:08:39,14.08,32.63,0,45.32,0.18,104.98,74.96,19.98,79.75
12:08:44,14.1,32.63,0,45.26,0.17,104.98,74.84,19.97,79.69
12:08:49,14.06,32.63,0,45.26,0.17,103.88,74.59,19.97,79.69
12:08:54,14.06,32.63,0,45.26,0.18,103.88,73.98,19.98,79.56
12:08:59,14.07,32.63,0,45.26,0.17,103.88,73.37,19.97,79.56
12:09:04,14.09,32.63,0,45.26,0.18,103.75,72.88,20,79.46
12:09:09,14.08,32.63,0,45.26,0.18,103.75,72.76,20,79.46
12:09:14,14.08,32.63,0,45.26,0.17,103.4,72.15,20.01,79.46
12:09:19,14.06,32.7,0,45.22,0.17,103.4,71.18,20,79.33
12:09:24,14.08,32.7,0,45.22,0.17,102.62,70.69,20.01,79.33
12:09:29,14.08,32.63,0,45.26,0.16,102.62,70.57,20.01,79.1
12:09:34,14.08,32.63,0,45.26,0.17,102.62,70.2,20.02,79.1
12:09:39,14.06,32.63,0,45.26,0.16,101.87,69.71,20.02,79.1
12:09:44,14.09,32.7,0,45.26,0.16,101.87,69.34,20.01,79.04
12:09:49,14.06,32.7,0,45.26,0.16,101.6,68.73,20.03,79.04
12:09:54,14.12,32.7,0,45.22,0.16,101.6,68.49,20.03,78.94
12:09:59,14.08,32.7,0,45.22,0.16,101.6,67.88,20.02,78.94
12:10:04,14.09,32.7,0,45.22,0.16,101.2,67.39,20.02,78.87
12:10:09,14.09,32.7,0,45.22,0.16,101.2,66.66,20,78.87
12:10:14,14.09,32.7,0,45.22,0.16,100.57,66.29,20,78.87
12:10:19,14.07,32.63,0,45.22,0.16,100.57,65.93,20.01,78.75
12:10:24,14.06,32.63,0,45.22,0.16,100.22,65.93,20,78.75
12:10:29,14.09,32.7,0,45.22,0.15,100.22,65.07,20,78.69
12:10:34,14.08,32.7,0,45.22,0.15,100.22,64.09,20.01,78.69
12:10:39,14.08,32.7,0,45.22,0.16,99.72,64.58,20.03,78.69
12:10:44,14.08,32.7,0,45.22,0.15,99.72,64.09,20.02,78.52
12:10:49,14.08,32.7,0,45.22,0.15,99.42,63.73,20.01,78.52
12:10:54,14.08,32.7,0,45.15,0.15,99.42,63.24,20.02,78.39
12:10:59,14.11,32.7,0,45.15,0.14,99.42,62.87,20.04,78.39
12:11:04,14.08,32.76,0,45.15,0.15,99.15,63,20.03,78.33
12:11:09,14.07,32.76,0,45.15,0.15,99.15,61.78,20.02,78.33
12:11:14,14.12,32.76,0,45.15,0.15,98.5,61.41,20.02,78.33
12:11:19,14.08,32.7,0,45.22,0.15,98.5,60.92,20.03,78.23
12:11:24,14.08,32.7,0,45.22,0.14,98.27,60.19,20.02,78.23
12:11:29,14.07,32.76,0,45.22,0.14,98.27,60.31,20.01,78.23
12:11:34,14.09,32.76,0,45.22,0.14,98.27,59.82,20.01,78.23
12:11:39,14.09,32.76,0,45.22,0.14,97.5,59.7,20.01,78.23
12:11:44,14.09,32.8,0,45.15,0.14,97.5,59.09,20,78.23
12:11:49,14.1,32.8,0,45.15,0.14,97.04,58.6,19.98,78.23
12:11:54,14.08,32.76,0,45.15,0.14,97.04,57.87,19.97,78.16
12:11:59,14.09,32.76,0,45.15,0.14,97.04,57.87,19.97,78.16
12:12:04,14.09,32.8,0,45.15,0.14,96.5,57.38,19.97,78.1
12:12:09,14.1,32.8,0,45.15,0.13,96.5,57.38,19.95,78.1
12:12:14,14.07,32.8,0,45.15,0.13,96.1,56.28,19.94,78.1
12:12:19,14.08,32.86,0,45.22,0.13,96.1,55.55,19.96,78.04
12:12:24,14.11,32.86,0,45.22,0.13,95.68,55.92,19.97,78.04
12:12:29,14.1,32.86,0,45.15,0.14,95.68,55.18,19.97,77.93
12:12:34,14.09,32.86,0,45.15,0.12,95.68,54.33,19.97,77.93
12:12:39,14.08,32.86,0,45.15,0.12,95.16,53.47,19.97,77.93
12:12:44,14.09,32.8,0,45.09,0.13,95.16,53.84,19.98,77.87
12:12:49,14.11,32.8,0,45.09,0.12,94.87,52.98,19.99,77.87
12:12:54,14.08,32.86,0,45.09,0.12,94.87,52.13,19.99,77.7
12:12:59,14.08,32.86,0,45.09,0.12,94.87,52.62,19.99,77.7
12:13:04,14.08,32.86,0,45.09,0.12,94.22,51.4,19.99,77.64
12:13:09,14.11,32.86,0,45.09,0.12,94.22,50.79,19.99,77.64
12:13:14,14.07,32.86,0,45.09,0.12,93.86,50.3,19.99,77.64
12:13:19,14.09,32.8,0,45.05,0.12,93.86,50.42,19.97,77.6
12:13:24,14.08,32.8,0,45.05,0.12,93.59,49.2,19.97,77.6
12:13:29,14.09,32.86,0,45.09,0.11,93.59,50.05,19.97,77.54
12:13:34,14.12,32.86,0,45.09,0.12,93.59,50.91,19.99,77.54
12:13:39,14.09,32.86,0,45.09,0.12,93.42,50.91,19.96,77.54
12:13:44,14.1,32.86,0,45.05,0.12,93.42,48.59,19.97,77.49
12:13:49,14.08,32.86,0,45.05,0.11,93.09,46.88,19.94,77.49
12:13:54,14.09,32.86,0,45.05,0.11,93.09,46.76,19.95,77.43
12:13:59,14.09,32.86,0,45.05,0.11,93.09,3.3,19.94,77.43
12:14:04,14.09,32.86,0,45.05,0.11,92.86,1.71,19.95,77.33
12:14:09,14.1,32.86,0,45.05,0.11,92.86,1.71,19.95,77.33
12:14:14,14.09,32.86,0,45.05,0.11,92.46,1.71,19.95,77.33
12:14:19,14.12,32.86,0,45.05,0.1,92.46,1.71,19.95,77.26
12:14:24,14.11,32.86,0,45.05,0.1,91.94,1.71,19.94,77.26
12:14:29,14.1,32.86,0,44.99,0.11,91.94,1.71,19.94,77.16
12:14:34,14.09,32.86,0,44.99,0.11,91.94,1.83,19.97,77.16
12:14:39,14.12,32.86,0,44.99,0.11,91.65,1.83,19.97,77.16
12:14:44,14.11,32.86,0,45.05,0.1,91.65,1.59,19.97,77.2
12:14:49,14.09,32.86,0,45.05,0.1,91.38,1.71,19.99,77.2
12:14:54,14.08,32.86,0,44.99,0.1,91.38,1.71,19.99,77.1
12:14:59,14.1,32.86,0,44.99,0.1,91.38,1.71,19.99,77.1
12:15:04,14.11,32.93,0,44.99,0.1,89.93,1.59,19.97,76.99
12:15:09,14.11,32.93,0,44.99,0.1,89.93,1.71,19.97,76.99
12:15:14,14.09,32.93,0,44.99,0.1,89.33,1.83,19.97,76.99
12:15:19,14.11,32.93,0,45.05,0.1,89.33,1.71,19.99,76.99
12:15:24,14.09,32.93,0,45.05,0.09,88.93,1.71,19.95,76.99
12:15:29,14.09,32.86,0,44.99,0.1,88.93,1.59,19.95,76.87
12:15:34,14.09,32.86,0,44.99,0.09,88.93,1.71,19.95,76.87
12:15:39,14.09,32.86,0,44.99,0.1,88.47,1.83,19.97,76.87
12:15:44,14.12,32.93,0,44.99,0.1,88.47,1.83,19.97,76.76
12:15:49,14.1,32.93,0,44.99,0.09,87.76,1.59,19.96,76.76
12:15:54,14.12,32.93,0,44.99,0.1,87.76,1.59,19.95,76.7
12:15:59,14.09,32.93,0,44.99,0.09,87.76,1.59,19.95,76.7
12:16:04,14.11,32.93,0,44.99,0.09,87.15,1.83,19.96,76.6
12:16:09,14.1,32.93,0,44.99,0.08,87.15,1.71,19.95,76.6
12:16:14,14.11,32.93,0,44.99,0.09,90.62,1.71,19.95,76.6
12:16:19,14.12,32.93,0,44.92,0.09,90.62,1.71,19.95,76.53
12:16:24,14.09,32.93,0,44.92,0.08,87.32,1.59,19.94,76.53
12:16:29,14.09,32.99,0,44.86,0.09,87.32,1.71,19.97,76.43
12:16:34,14.13,32.99,0,44.86,0.09,87.32,1.71,19.95,76.43
12:16:39,14.11,32.99,0,44.86,0.08,87.15,1.71,19.95,76.43
12:16:44,14.09,32.99,0,44.86,0.07,87.15,1.71,19.93,76.26
12:16:49,14.1,32.99,0,44.86,0.08,86.99,1.71,19.94,76.26
12:16:54,14.09,32.99,0,44.86,0.08,86.99,1.71,19.94,76.22
12:16:59,14.1,32.99,0,44.86,0.08,86.99,1.71,19.95,76.22
12:17:04,14.11,32.99,0,44.8,0.08,88.99,1.71,19.97,76.16
12:17:09,14.11,32.99,0,44.8,0.08,88.99,1.71,19.97,76.16
12:17:14,14.1,32.99,0,44.8,0.08,87.09,1.71,19.97,76.16
12:17:19,14.11,32.99,0,44.86,0.07,87.09,1.71,19.95,76.09
12:17:24,14.09,32.99,0,44.86,0.08,89.03,1.71,19.94,76.09
12:17:29,14.1,32.99,0,44.8,0.07,89.03,1.83,19.95,75.99
12:17:34,14.09,32.99,0,44.8,0.08,89.03,1.71,19.95,75.99
12:17:39,14.11,32.99,0,44.8,0.08,86.92,1.59,19.95,75.99
12:17:44,14.11,32.99,0,44.8,0.07,86.92,1.59,19.94,75.86
12:17:49,14.11,32.99,0,44.8,0.07,88.16,1.59,19.94,75.86
12:17:54,14.09,32.99,0,44.8,0.07,88.16,1.71,19.93,75.8
12:17:59,14.1,32.99,0,44.8,0.07,88.16,1.71,19.93,75.8
12:18:04,14.09,33.03,0,44.8,0.07,89.1,1.59,19.93,75.76
12:18:09,14.1,33.03,0,44.8,0.07,89.1,1.59,19.92,75.76
12:18:14,14.11,33.03,0,44.8,0.07,87.99,1.71,19.94,75.76
12:18:19,14.1,33.03,0,44.8,0.07,87.99,1.59,19.94,75.7
12:18:24,14.09,33.03,0,44.8,0.07,92.46,1.71,19.94,75.7
12:18:29,14.1,33.03,0,44.8,0.07,92.46,1.59,19.95,75.57
12:18:34,14.11,33.03,0,44.8,0.07,92.46,1.59,19.94,75.57
12:18:39,14.11,33.03,0,44.8,0.07,89.93,1.71,19.95,75.57
12:18:44,14.1,33.03,0,44.76,0.07,89.93,1.59,19.96,75.51
12:18:49,14.1,33.03,0,44.76,0.07,88.03,1.71,19.97,75.51
12:18:54,14.11,33.09,0,44.76,0.07,88.03,1.71,19.95,75.4
12:18:59,14.12,33.09,0,44.76,0.07,88.03,1.83,19.95,75.4
12:19:04,14.09,33.09,0,44.76,0.08,88.41,1.71,19.96,75.34
12:19:09,14.09,33.09,0,44.76,0.07,88.41,1.71,19.94,75.4
12:19:14,14.11,33.09,0,44.76,0.07,89.77,1.71,19.94,75.4
12:19:19,14.1,33.09,0,44.76,0.07,89.77,1.71,19.94,75.34
12:19:24,14.11,33.09,0,44.76,0.07,89.7,1.71,19.94,75.34
12:19:29,14.13,33.09,0,44.69,0.07,89.33,1.71,19.94,75.22
12:19:34,14.12,33.09,0,44.69,0.07,89.33,1.71,19.94,75.22
12:19:39,14.09,33.09,0,44.69,0.07,86.63,1.83,19.94,75.22
12:19:44,14.12,33.16,0,44.69,0.07,86.63,1.83,19.96,75.15
12:19:49,14.12,33.16,0,44.69,0.07,87.05,1.83,19.96,75.15
12:19:54,14.12,33.09,0,44.76,0.07,87.05,1.59,19.96,75.05
12:19:59,14.13,33.09,0,44.76,0.06,87.05,1.71,19.94,75.05
12:20:04,14.11,33.09,0,44.69,0.06,88.28,1.71,19.94,75.05
12:20:09,14.08,33.09,0,44.69,0.07,88.28,1.59,19.95,75.05
12:20:14,14.08,33.09,0,44.69,0.07,87.42,1.71,19.96,75.05
12:20:19,14.06,33.16,0,44.76,0.07,87.42,1.59,19.95,74.92
12:20:24,14.04,33.16,0,44.76,0.06,87.49,1.71,19.95,74.92
12:20:29,14.02,33.16,0,44.63,0.07,87.49,1.71,19.97,74.86
12:20:34,14.02,33.16,0,44.63,0.07,87.49,1.59,19.97,74.86
12:20:39,13.99,33.16,0,44.63,0.07,92.04,1.59,19.97,74.86
12:20:44,13.99,33.16,0,44.63,0.07,92.04,1.71,19.96,74.82
12:20:49,13.97,33.16,0,44.63,0.06,92.69,1.71,19.99,74.82
12:20:54,13.97,33.16,0,44.63,0.06,92.69,1.71,19.98,74.71
12:20:59,13.94,33.16,0,44.63,0.07,92.69,1.71,19.98,74.71
12:21:04,13.93,33.16,0,44.69,0.07,93.93,1.71,19.99,74.65
12:21:09,13.94,33.16,0,44.69,0.06,93.93,1.59,19.99,74.65
12:21:14,13.93,33.16,0,44.69,0.07,95.74,1.71,19.99,74.65
12:21:19,13.91,33.16,0,44.63,0.06,95.74,1.59,19.99,74.48
12:21:24,13.89,33.16,0,44.63,0.07,92.46,1.71,20,74.48
12:21:29,13.87,33.16,0,44.63,0.07,92.46,1.83,20.02,74.42
12:21:34,13.87,33.16,0,44.63,0.06,92.46,1.71,20.02,74.42
12:21:39,13.83,33.16,0,44.63,0.07,89.6,1.83,20.02,74.42
12:21:44,13.83,33.16,0,44.63,0.07,89.6,1.83,20.03,74.38
12:21:49,13.83,33.16,0,44.63,0.07,95.03,1.83,20.02,74.38
12:21:54,13.8,33.22,0,44.63,0.07,95.03,1.83,20.02,74.32
12:21:59,13.8,33.22,0,44.63,0.07,95.03,1.71,20.02,74.32
12:22:04,13.8,33.22,0,44.63,0.06,94.57,1.71,20.02,74.21
12:22:09,13.75,33.22,0,44.63,0.07,94.57,1.71,20,74.21
12:22:14,13.75,33.22,0,44.63,0.07,96.77,1.83,20,74.21
12:22:19,13.75,33.22,0,44.63,0.07,96.77,1.59,20,74.11
12:22:24,13.73,33.22,0,44.63,0.06,95.1,1.59,20,74.11
12:22:29,13.73,33.22,0,44.63,0.06,95.1,1.59,19.97,74.05
12:22:34,13.72,33.22,0,44.63,0.06,95.1,1.59,19.97,74.05
12:22:39,13.7,33.22,0,44.63,0.07,96.71,1.83,19.97,74.05
12:22:44,13.69,33.16,0,44.63,0.07,96.71,1.71,19.97,73.98
12:22:49,13.68,33.16,0,44.63,0.07,96.43,1.71,19.97,73.98
12:22:54,13.67,33.22,0,44.63,0.07,96.43,1.71,19.95,73.92
12:22:59,13.65,33.22,0,44.63,0.07,96.43,1.71,19.94,73.92
12:23:04,13.61,33.22,0,44.57,0.07,95.64,1.83,19.94,73.88
12:23:09,13.61,33.22,0,44.57,0.06,95.64,1.71,19.94,73.88
12:23:14,13.61,33.22,0,44.57,0.06,95.22,1.71,19.94,73.88
12:23:19,13.59,33.22,0,44.63,0.06,95.22,1.83,19.93,73.88
12:23:24,13.58,33.22,0,44.63,0.07,96.71,1.83,19.93,73.88
12:23:29,13.56,33.22,0,44.57,0.06,96.71,1.71,19.95,73.75
12:23:34,13.54,33.22,0,44.57,0.06,96.71,1.71,19.93,73.75
12:23:39,13.54,33.22,0,44.57,0.06,95.58,1.83,19.95,73.75
12:23:44,13.56,33.22,0,44.57,0.06,95.58,1.59,19.95,73.69
12:23:49,13.53,33.22,0,44.57,0.06,95.74,1.71,19.94,73.69
12:23:54,13.5,33.22,0,44.51,0.06,95.74,1.71,19.95,73.63
12:23:59,13.51,33.22,0,44.51,0.06,95.74,1.59,19.95,73.63
12:24:04,13.48,33.28,0,44.51,0.06,95.93,1.59,19.95,73.56
12:24:09,13.45,33.28,0,44.57,0.06,95.93,1.71,19.95,73.56
12:24:14,13.45,33.28,0,44.57,0.06,95.87,1.59,19.96,73.56
12:24:19,13.45,33.28,0,44.51,0.07,95.87,1.59,19.96,73.5
12:24:24,13.44,33.28,0,44.51,0.06,96.1,1.71,19.95,73.5
12:24:29,13.42,33.28,0,44.51,0.07,96.1,1.83,19.94,73.46
12:24:34,13.41,33.28,0,44.51,0.07,96.1,1.59,19.95,73.46
12:24:39,13.39,33.28,0,44.51,0.06,96.27,1.71,19.94,73.46
12:24:44,13.37,33.28,0,44.51,0.07,96.27,1.71,19.94,73.33
12:24:49,13.36,33.28,0,44.51,0.07,96.14,1.59,19.94,73.33
12:24:54,13.36,33.22,0,44.51,0.06,96.14,1.71,19.94,73.33
12:24:59,13.36,33.22,0,44.51,0.06,96.14,1.71,19.94,73.33
12:25:04,13.34,33.22,0,44.46,0.06,96.43,1.59,19.94,73.17
12:25:09,13.32,33.22,0,44.46,0.06,96.43,1.59,19.94,73.17
12:25:14,13.34,33.22,0,44.46,0.07,96.64,1.59,19.95,73.17
12:25:19,13.28,33.22,0,44.46,0.06,96.64,1.59,19.95,73.17
12:25:24,13.29,33.22,0,44.46,0.06,96.71,1.83,19.95,73.17
12:25:29,13.28,33.28,0,44.51,0.06,96.71,1.71,19.97,73.1
12:25:34,13.28,33.28,0,44.51,0.07,96.71,1.71,19.97,73.1
12:25:39,13.26,33.28,0,44.51,0.07,96.87,1.71,19.97,73.1
12:25:44,13.25,33.28,0,44.46,0.07,96.87,1.83,19.95,73
12:25:49,13.22,33.28,0,44.46,0.06,33.28,1.83,19.97,73
12:25:54,13.22,33.28,0,44.46,0.06,33.28,1.71,19.96,73
12:25:59,13.2,33.28,0,44.46,0.07,33.28,1.71,19.97,73
12:26:04,13.2,33.28,0,44.46,0.07,97.04,1.71,19.95,72.87
12:26:09,13.19,33.28,0,44.46,0.07,97.04,1.71,19.95,72.87
12:26:14,13.17,33.28,0,44.46,0.07,97.27,1.59,19.95,72.87
12:26:19,13.17,33.41,0,44.4,0.06,97.27,1.59,19.94,72.81
12:26:24,13.14,33.41,0,44.4,0.07,97.4,1.59,19.95,72.81
12:26:29,13.14,33.41,0,44.46,0.06,97.4,1.71,19.95,72.75
12:26:34,13.12,33.41,0,44.46,0.07,97.4,1.83,19.95,72.75
12:26:39,13.1,33.41,0,44.46,0.06,97.56,1.71,19.97,72.75
12:26:44,13.09,33.41,0,44.46,0.07,97.56,1.59,19.96,72.69
12:26:49,13.08,33.41,0,44.46,0.06,97.69,1.59,19.94,72.69
12:26:54,13.07,33.41,0,44.4,0.06,97.69,1.59,19.95,72.62
12:26:59,13.09,33.41,0,44.4,0.06,97.69,1.71,19.94,72.62
12:27:04,13.05,33.47,0,44.46,0.07,97.81,1.71,19.95,72.62
12:27:09,13.03,33.47,0,44.46,0.07,97.81,1.71,19.97,72.62
12:27:14,13.03,33.47,0,44.46,0.07,97.88,1.83,19.96,72.62
12:27:19,13.02,33.41,0,44.4,0.07,97.88,1.59,19.97,72.46
12:27:24,13.02,33.41,0,44.4,0.06,97.88,1.59,19.94,72.46
12:27:29,12.98,33.41,0,44.4,0.06,97.88,1.59,19.95,72.46
12:27:34,13,33.41,0,44.4,0.06,97.88,1.71,19.96,72.46
12:27:39,12.96,33.41,0,44.4,0.07,97.98,1.83,19.97,72.46
12:27:44,12.95,33.47,0,44.4,0.07,97.98,1.71,19.98,72.39
12:27:49,12.95,33.47,0,44.4,0.07,98.34,1.83,19.98,72.39
12:27:54,12.94,33.41,0,44.34,0.06,98.34,1.59,19.98,72.29
12:27:59,12.97,33.41,0,44.34,0.07,98.34,1.59,19.98,72.29
12:28:04,12.92,33.47,0,44.34,0.06,98.21,1.59,19.98,72.29
12:28:09,12.91,33.47,0,44.34,0.06,98.21,1.83,19.97,72.29
12:28:14,12.9,33.47,0,44.34,0.07,98.27,1.71,20,72.29
12:28:19,12.9,33.47,0,44.28,0.07,98.27,1.83,20,72.16
12:28:24,12.87,33.47,0,44.28,0.06,98.27,1.59,19.99,72.16
12:28:29,12.87,33.47,0,44.4,0.06,98.27,1.59,19.97,72.16
12:28:34,12.86,33.47,0,44.4,0.06,98.27,1.59,19.97,72.16
12:28:39,12.83,33.47,0,44.4,0.06,98.4,1.59,19.97,72.16
12:28:44,12.83,33.47,0,44.34,0.06,98.4,1.71,19.95,72.04
12:28:49,12.82,33.47,0,44.34,0.07,98.46,1.59,19.96,72.04
12:28:54,12.81,33.51,0,44.4,0.07,98.46,1.59,19.96,72.1
12:28:59,12.81,33.51,0,44.4,0.06,98.46,1.71,19.97,72.1
12:29:04,12.79,33.47,0,44.34,0.07,98.4,1.59,19.97,71.93
12:29:09,12.76,33.47,0,44.34,0.06,98.4,1.71,19.96,71.93
12:29:14,12.76,33.47,0,44.34,0.06,98.46,1.59,19.98,71.93
12:29:19,12.75,33.47,0,44.28,0.06,98.46,1.71,19.97,71.87
12:29:24,12.74,33.47,0,44.28,0.07,98.46,1.71,19.99,71.87
12:29:29,12.73,33.47,0,44.28,0.07,98.46,1.59,20,71.77
12:29:34,12.72,33.47,0,44.28,0.07,98.46,1.71,20.02,71.77
12:29:39,12.69,33.47,0,44.28,0.06,98.5,1.83,20.03,71.77
12:29:44,12.7,33.47,0,44.21,0.07,98.5,1.83,20.04,71.6
12:29:49,12.67,33.47,0,44.21,0.07,98.46,1.71,20.04,71.6
12:29:54,12.66,33.51,0,44.28,0.06,98.46,1.71,20.02,71.54
12:29:59,12.65,33.51,0,44.28,0.07,98.46,1.71,20.03,71.54
12:30:04,12.65,33.47,0,44.21,0.07,98.5,1.59,20.06,71.43
12:30:09,12.64,33.47,0,44.21,0.07,98.5,1.59,20.05,71.43
12:30:14,12.63,33.47,0,44.21,0.06,98.5,1.59,20.05,71.43
12:30:19,12.6,33.47,0,44.15,0.06,98.5,1.71,20.05,71.37
12:30:24,12.6,33.47,0,44.15,0.07,98.5,1.83,20.06,71.37
12:30:29,12.6,33.51,0,44.21,0.06,98.5,1.83,20.05,71.26
12:30:34,12.59,33.51,0,44.21,0.06,98.5,1.71,20.04,71.26
12:30:39,12.57,33.51,0,44.21,0.07,98.46,1.71,20.05,71.26
12:30:44,12.58,33.57,0,44.28,0.06,98.46,1.59,20.06,71.26
12:30:49,12.53,33.57,0,44.28,0.06,98.5,1.71,20.05,71.26
12:30:54,12.56,33.64,0,44.21,0.07,98.5,1.83,20.03,71.2
12:30:59,12.54,33.64,0,44.21,0.06,98.5,1.71,20.03,71.2
12:31:04,12.53,33.57,0,44.21,0.07,98.46,1.83,20.02,71.2
12:31:09,12.51,33.57,0,44.21,0.07,98.46,1.59,20.02,71.2
12:31:14,12.5,33.57,0,44.21,0.06,98.5,1.71,20,71.2
12:31:19,12.48,33.57,0,44.21,0.06,98.5,1.59,20,71.1
12:31:24,12.48,33.57,0,44.21,0.06,98.46,1.59,19.99,71.1
12:31:29,12.48,33.57,0,44.21,0.07,98.46,1.71,19.99,71.1
12:31:34,12.48,33.57,0,44.21,0.07,98.46,1.71,20.01,71.1
12:31:39,12.45,33.57,0,44.21,0.07,98.46,1.71,20,71.1
12:31:44,12.45,33.57,0,44.21,0.07,98.46,1.59,19.99,70.99
12:31:49,12.42,33.57,0,44.21,0.06,98.5,1.59,19.97,70.99
12:31:54,12.42,33.57,0,44.21,0.06,98.5,1.59,19.97,70.99
12:31:59,12.42,33.57,0,44.21,0.07,98.5,1.71,19.96,70.99
12:32:04,12.39,33.64,0,44.21,0.06,98.46,1.83,19.98,70.99
12:32:09,12.38,33.64,0,44.21,0.07,98.46,1.83,19.97,70.99
12:32:14,12.36,33.64,0,44.21,0.06,98.46,1.71,19.97,70.99
12:32:19,12.36,33.64,0,44.21,0.07,98.46,1.71,19.97,70.87
12:32:24,12.34,33.64,0,44.21,0.07,98.46,1.71,19.99,70.87
12:32:29,12.36,33.64,0,44.11,0.07,98.46,1.71,19.99,70.8
12:32:34,12.34,33.64,0,44.11,0.06,98.46,1.71,20,70.8
12:32:39,12.31,33.64,0,44.11,0.07,98.5,1.71,19.99,70.8
12:32:44,12.31,33.64,0,44.11,0.06,98.5,1.83,20,70.74
12:32:49,12.29,33.64,0,44.11,0.07,98.46,1.59,20,70.74
12:32:54,12.28,33.64,0,44.11,0.06,98.46,1.59,20,70.74
12:32:59,12.3,33.64,0,44.11,0.07,98.46,1.59,19.99,70.74
12:33:04,12.26,33.57,0,44.11,0.06,98.5,1.71,19.99,70.64
12:33:09,12.28,33.57,0,44.11,0.06,98.5,1.71,20,70.64
12:33:14,12.25,33.57,0,44.11,0.06,98.5,1.59,20,70.64
12:33:19,12.22,33.64,0,44.11,0.07,98.5,1.59,20,70.64
12:33:24,12.21,33.64,0,44.11,0.07,98.5,1.71,20,70.64
12:33:29,12.2,33.64,0,44.11,0.06,98.5,1.71,20.02,70.57
12:33:34,12.21,33.64,0,44.11,0.07,98.5,1.71,20,70.57
12:33:39,12.2,33.64,0,44.11,0.06,98.5,1.83,20,70.57
12:33:44,12.2,33.64,0,44.11,0.07,98.5,1.71,20.01,70.51
12:33:49,12.17,33.64,0,44.11,0.06,98.5,1.59,20,70.51
12:33:54,12.18,33.57,0,43.98,0.06,98.5,1.71,19.99,70.41
12:33:59,12.15,33.57,0,43.98,0.06,98.5,1.59,19.99,70.41
12:34:04,12.15,33.57,0,43.98,0.07,98.5,1.71,19.99,70.34
12:34:09,12.15,33.57,0,43.98,0.07,98.5,1.71,20,70.34
12:34:14,12.13,33.57,0,43.98,0.07,98.5,1.83,20,70.34
12:34:19,12.1,33.57,0,43.98,0.07,98.5,1.71,20,70.28
12:34:24,12.1,33.57,0,43.98,0.06,98.5,1.59,19.99,70.28
12:34:29,12.08,33.64,0,43.98,0.07,98.5,1.71,19.99,70.09
12:34:34,12.08,33.64,0,43.98,0.06,98.5,1.71,19.99,70.09
12:34:39,12.09,33.64,0,43.98,0.07,98.5,1.71,20,70.09
12:34:44,12.06,33.64,0,43.98,0.07,98.5,1.71,20.01,70.03
12:34:49,12.05,33.64,0,43.98,0.07,98.5,1.71,20,70.03
12:34:54,12.07,33.57,0,43.98,0.06,98.5,1.71,20.02,69.99
12:34:59,12.03,33.57,0,43.98,0.06,98.5,1.59,20.02,69.99
12:35:04,12.03,33.64,0,43.92,0.07,98.5,1.59,20.02,69.86
12:35:09,12.03,33.64,0,43.98,0.07,98.5,1.71,20,69.86
12:35:14,12,33.64,0,43.98,0.07,98.5,1.71,20.02,69.86
12:35:19,12.01,33.64,0,43.92,0.07,98.5,1.59,20.02,69.86
12:35:24,11.99,33.64,0,43.92,0.07,98.5,1.59,20.01,69.86
12:35:29,11.96,33.64,0,43.92,0.06,98.5,1.71,20,69.82
12:35:34,11.96,33.64,0,43.92,0.06,98.5,1.59,20,69.82
12:35:39,11.95,33.64,0,43.92,0.06,98.5,1.71,20,69.82
12:35:44,11.93,33.64,0,43.92,0.06,98.5,1.71,19.99,69.76
12:35:49,11.95,33.64,0,43.92,0.07,98.5,1.71,19.99,69.76
12:35:54,11.91,33.57,0,43.88,0.07,98.5,1.71,19.99,69.76
12:35:59,11.92,33.57,0,43.88,0.07,98.5,1.71,20,69.76
12:36:04,11.9,33.64,0,43.88,0.07,98.5,1.83,20.02,69.72
12:36:09,11.9,33.64,0,43.88,0.07,98.5,1.71,20.02,69.72
12:36:14,11.9,33.64,0,43.88,0.07,98.5,1.71,20,69.72
12:36:19,11.87,33.64,0,43.82,0.07,98.5,1.83,20,69.65
12:36:24,11.86,33.64,0,43.82,0.07,98.5,1.71,20,69.65
12:36:29,11.85,33.64,0,43.82,0.06,98.5,1.71,20,69.53
12:36:34,11.87,33.64,0,43.82,0.07,98.5,1.59,20.02,69.53
12:36:39,11.84,33.64,0,43.82,0.06,98.5,1.83,20.03,69.53
12:36:44,11.81,33.64,0,43.82,0.07,98.5,1.83,20.05,69.49
12:36:49,11.82,33.64,0,43.82,0.07,98.5,1.71,20.06,69.49
12:36:54,11.81,33.57,0,43.82,0.06,98.5,1.83,20.07,69.36
12:36:59,11.79,33.57,0,43.82,0.07,98.5,1.71,20.08,69.36
12:37:04,11.82,33.64,0,43.82,0.07,98.5,1.83,20.08,69.32
12:37:09,11.79,33.64,0,43.82,0.07,98.5,1.83,20.1,69.32
12:37:14,11.77,33.64,0,43.82,0.07,98.5,1.71,20.1,69.32
12:37:19,11.77,33.7,0,43.82,0.06,98.5,1.71,20.08,69.22
12:37:24,11.74,33.7,0,43.82,0.07,98.57,1.83,20.08,69.22
12:37:29,11.74,33.64,0,43.82,0.06,98.57,1.71,20.06,69.22
12:37:34,11.71,33.64,0,43.82,0.07,98.57,1.71,20.06,69.22
12:37:39,11.73,33.64,0,43.82,0.07,98.5,1.83,20.06,69.22
12:37:44,11.73,33.64,0,43.75,0.07,98.5,1.71,20.05,69.15
12:37:49,11.7,33.64,0,43.75,0.06,98.57,1.71,20.02,69.15
12:37:54,11.71,33.7,0,43.75,0.06,98.57,1.71,20.01,69.09
12:37:59,11.69,33.7,0,43.75,0.07,98.57,1.59,20,69.09
12:38:04,11.66,33.7,0,43.75,0.06,98.57,1.71,20,69.05
12:38:09,11.68,33.7,0,43.75,0.07,98.57,1.59,20,69.05
12:38:14,11.67,33.7,0,43.75,0.07,98.5,1.71,20,69.05
12:38:19,11.64,33.64,0,43.75,0.06,98.5,1.71,19.99,68.99
12:38:24,11.62,33.64,0,43.75,0.07,98.5,1.71,19.97,68.99
12:38:29,11.63,33.64,0,43.75,0.06,98.5,1.71,19.96,68.92
12:38:34,11.62,33.64,0,43.75,0.07,98.5,1.71,19.95,68.92
12:38:39,11.61,33.64,0,43.75,0.06,98.5,1.71,19.98,68.92
12:38:44,11.59,33.7,0,43.75,0.06,98.5,1.71,19.98,68.86
12:38:49,11.59,33.7,0,43.75,0.07,98.5,1.71,19.98,68.86
12:38:54,11.59,33.7,0,43.69,0.07,98.5,1.71,19.97,68.82
12:38:59,11.55,33.7,0,43.69,0.06,98.5,1.71,19.97,68.82
12:39:04,11.56,33.7,0,43.69,0.07,98.5,1.59,19.97,68.82
12:39:09,11.56,33.7,0,43.69,0.06,98.5,1.59,19.99,68.82
12:39:14,11.52,33.7,0,43.69,0.06,98.5,1.71,19.99,68.82
12:39:19,11.54,33.7,0,43.69,0.07,98.5,1.83,20,68.76
12:39:24,11.51,33.7,0,43.69,0.06,98.5,1.71,20,68.76
12:39:29,11.49,33.7,0,43.69,0.07,98.5,1.71,20,68.63
12:39:34,11.51,33.7,0,43.69,0.07,98.5,1.83,20.01,68.63
12:39:39,11.49,33.7,0,43.69,0.07,98.5,1.59,20.02,68.63
12:39:44,11.48,33.7,0,43.69,0.07,98.5,1.71,20,68.51
12:39:49,11.48,33.7,0,43.69,0.07,98.5,1.71,20.01,68.51
12:39:54,11.44,33.7,0,43.69,0.07,98.5,1.59,20.02,68.46
12:39:59,11.46,33.7,0,43.69,0.06,98.5,1.71,20.01,68.46
12:40:04,11.44,33.7,0,43.63,0.07,98.5,1.71,20.01,68.4
12:40:09,11.43,33.7,0,43.63,0.07,98.5,1.71,20.02,68.4
12:40:14,11.42,33.7,0,43.63,0.06,98.5,1.59,20.02,68.4
12:40:19,11.41,33.7,0,43.69,0.07,98.5,1.71,20,68.34
12:40:24,11.38,33.7,0,43.69,0.07,98.5,1.71,20.01,68.34
12:40:29,11.38,33.7,0,43.63,0.07,98.5,1.59,20.01,68.34
12:40:34,11.38,33.7,0,43.63,0.07,98.5,1.59,20,68.34
12:40:39,11.38,33.7,0,43.63,0.07,98.5,1.59,19.99,68.34
12:40:44,11.35,33.7,0,43.57,0.07,98.5,1.71,19.97,68.34
12:40:49,11.36,33.7,0,43.57,0.07,98.5,1.71,19.99,68.34
12:40:54,11.35,33.7,0,43.63,0.07,98.5,1.71,19.98,68.28
12:40:59,11.35,33.7,0,43.63,0.07,98.5,1.71,19.97,68.28
12:41:04,11.34,33.7,0,43.57,0.07,98.5,1.83,19.96,68.21
12:41:09,11.29,33.7,0,43.57,0.07,98.5,1.83,19.95,68.21
12:41:14,11.32,33.7,0,43.57,0.07,98.5,1.71,19.94,68.21
12:41:19,11.31,33.7,0,43.57,0.07,98.5,1.59,19.93,68.15
12:41:24,11.31,33.7,0,43.57,0.07,98.5,1.59,19.92,68.15
12:41:29,11.27,33.74,0,43.57,0.07,98.5,1.71,19.92,68.05
12:41:34,11.26,33.74,0,43.57,0.07,98.5,1.71,19.92,68.05
12:41:39,11.26,33.74,0,43.57,0.07,98.5,1.71,19.9,68.05
12:41:44,11.25,33.74,0,43.57,0.07,98.5,1.71,19.89,68.11
12:41:49,11.26,33.74,0,43.57,0.07,98.5,1.71,19.9,68.11
12:41:54,11.23,33.7,0,43.57,0.07,98.5,1.83,19.92,68.05
12:41:59,11.24,33.7,0,43.57,0.07,98.5,1.71,19.92,68.05
12:42:04,11.24,33.7,0,43.57,0.07,98.5,1.83,19.92,68.05
12:42:09,11.23,33.7,0,43.57,0.07,98.5,1.59,19.93,68.05
12:42:14,11.21,33.7,0,43.57,0.07,98.5,1.71,19.92,68.05
12:42:19,11.18,33.74,0,43.57,0.06,98.5,1.59,19.94,67.98
12:42:24,11.2,33.74,0,43.57,0.07,98.57,1.71,19.95,67.98
12:42:29,11.17,33.7,0,43.57,0.07,98.57,1.59,19.97,67.92
12:42:34,11.16,33.7,0,43.57,0.07,98.57,1.59,19.97,67.92
12:42:39,11.15,33.7,0,43.57,0.07,98.57,1.71,19.98,67.92
12:42:44,11.13,33.74,0,43.5,0.07,98.57,1.71,19.99,67.88
12:42:49,11.14,33.74,0,43.5,0.06,98.5,1.59,19.99,67.88
12:42:54,11.12,33.74,0,43.57,0.07,98.5,1.71,19.98,67.75
12:42:59,11.09,33.74,0,43.57,0.07,98.5,1.59,19.98,67.75
12:43:04,11.1,33.74,0,43.57,0.07,98.57,1.59,19.97,67.75
12:43:09,11.12,33.74,0,43.5,0.07,98.57,1.59,19.97,67.75
12:43:14,11.09,33.74,0,43.5,0.07,98.57,1.71,19.96,67.75
12:43:19,11.07,33.7,0,43.5,0.07,98.57,1.59,19.97,67.69
12:43:24,11.09,33.7,0,43.5,0.07,98.57,1.59,19.95,67.69
12:43:29,11.05,33.74,0,43.5,0.07,98.57,1.83,19.94,67.56
12:43:34,11.04,33.74,0,43.5,0.07,98.57,1.71,19.95,67.56
12:43:39,11.04,33.74,0,43.5,0.07,98.5,1.71,19.94,67.56
12:43:44,11.05,33.74,0,43.5,0.07,98.5,1.71,19.93,67.5
12:43:49,11.04,33.74,0,43.5,0.07,98.57,1.71,19.92,67.5
12:43:54,11.02,33.74,0,43.5,0.06,98.57,1.71,19.92,67.46
12:43:59,11.02,33.74,0,43.5,0.07,98.57,1.71,19.93,67.46
12:44:04,11,33.74,0,43.5,0.07,98.57,1.71,19.92,67.46
12:44:09,10.98,33.74,0,43.5,0.07,98.57,1.71,19.91,67.46
12:44:14,10.97,33.74,0,43.5,0.07,98.57,1.71,19.91,67.46
12:44:19,10.97,33.74,0,43.5,0.07,98.57,1.71,19.92,67.4
12:44:24,10.94,33.74,0,43.5,0.07,98.57,1.59,19.92,67.4
12:44:29,10.94,33.7,0,43.5,0.07,98.57,1.59,19.92,67.4
12:44:34,10.94,33.7,0,43.5,0.07,98.57,1.71,19.92,67.4
12:44:39,10.93,33.7,0,43.5,0.07,98.57,1.83,19.93,67.4
12:44:44,10.93,33.74,0,43.5,0.07,98.57,1.83,19.93,67.33
12:44:49,10.93,33.74,0,43.5,0.06,98.5,1.71,19.92,67.33
12:44:54,10.93,33.74,0,43.5,0.07,98.5,1.59,19.92,67.33
12:44:59,10.9,33.74,0,43.5,0.07,98.5,1.59,19.91,67.33
12:45:04,10.88,33.7,0,43.46,0.07,98.5,1.71,19.92,67.27
12:45:09,10.91,33.7,0,43.46,0.06,98.5,1.71,19.92,67.27
12:45:14,10.86,33.7,0,43.46,0.06,98.5,1.71,19.92,67.27
12:45:19,10.87,33.7,0,43.46,0.07,98.5,1.71,19.92,67.17
12:45:24,10.87,33.7,0,43.46,0.07,98.5,1.59,19.91,67.17
12:45:29,10.84,33.7,0,43.46,0.07,98.5,1.59,19.92,67.1
12:45:34,10.85,33.7,0,43.46,0.07,98.5,1.59,19.93,67.1
12:45:39,10.84,33.7,0,43.46,0.07,98.5,1.71,19.93,67.1
12:45:44,10.84,33.64,0,43.4,0.07,98.5,1.71,19.94,66.98
12:45:49,10.82,33.64,0,43.4,0.07,98.46,1.83,19.95,66.98
12:45:54,10.8,33.7,0,43.4,0.07,98.46,1.71,19.94,66.98
12:45:59,10.8,33.7,0,43.4,0.06,98.46,1.71,19.95,66.98
12:46:04,10.79,33.7,0,43.4,0.07,98.5,1.83,19.94,66.94
12:46:09,10.77,33.7,0,43.4,0.07,98.5,1.71,19.94,66.94
12:46:14,10.76,33.7,0,43.4,0.06,98.5,1.59,19.94,66.94
12:46:19,10.77,33.7,0,43.4,0.07,98.5,1.59,19.93,66.87
12:46:24,10.75,33.7,0,43.4,0.07,98.5,1.71,19.93,66.87
12:46:29,10.76,33.7,0,43.4,0.07,98.5,1.59,19.94,66.81
12:46:34,10.74,33.7,0,43.4,0.07,98.5,1.59,19.95,66.81
12:46:39,10.73,33.7,0,43.4,0.07,98.5,1.71,19.93,66.81
12:46:44,10.74,33.7,0,43.4,0.07,98.5,1.71,19.95,66.71
12:46:49,10.73,33.7,0,43.4,0.07,98.5,1.59,19.97,66.71
12:46:54,10.7,33.7,0,43.34,0.07,98.5,1.71,19.95,66.64
12:46:59,10.71,33.7,0,43.34,0.07,98.5,1.71,19.97,66.64
12:47:04,10.68,33.74,0,43.34,0.07,98.5,1.59,19.99,66.6
12:47:09,10.68,33.74,0,43.34,0.07,98.5,1.59,19.97,66.6
12:47:14,10.67,33.74,0,43.34,0.07,98.5,1.71,19.97,66.6
12:47:19,10.66,33.7,0,43.4,0.07,98.5,1.59,19.98,66.6
12:47:24,10.66,33.7,0,43.4,0.07,98.5,1.71,19.99,66.6
12:47:29,10.66,33.7,0,43.34,0.07,98.5,1.71,19.97,66.54
12:47:34,10.67,33.7,0,43.34,0.07,98.5,1.71,19.94,66.54
12:47:39,10.62,33.7,0,43.34,0.07,98.5,1.71,19.92,66.54
12:47:44,10.63,33.74,0,43.34,0.06,98.5,1.71,19.92,66.44
12:47:49,10.6,33.74,0,43.34,0.06,98.46,1.83,19.93,66.44
12:47:54,10.59,33.7,0,43.34,0.07,98.46,1.83,19.89,66.31
12:47:59,10.58,33.7,0,43.34,0.07,98.46,1.59,19.89,66.31
12:48:04,10.58,33.74,0,43.27,0.07,98.46,1.71,19.88,66.21
12:48:09,10.57,33.74,0,43.27,0.07,98.46,1.71,19.88,66.21
12:48:14,10.56,33.74,0,43.27,0.07,98.46,1.83,19.87,66.21
12:48:19,10.58,33.7,0,43.27,0.07,98.46,1.71,19.88,66.27
12:48:24,10.54,33.7,0,43.27,0.07,98.46,1.71,19.87,66.27
12:48:29,10.54,33.74,0,43.34,0.06,98.46,1.59,19.89,66.27
12:48:34,10.53,33.74,0,43.34,0.07,98.46,1.71,19.9,66.27
12:48:39,10.55,33.74,0,43.34,0.06,98.4,1.71,19.94,66.27
12:48:44,10.52,33.74,0,43.27,0.07,98.4,1.71,19.97,66.14
12:48:49,10.53,33.74,0,43.27,0.07,98.4,1.71,19.97,66.14
12:48:54,10.5,33.74,0,43.27,0.06,98.4,1.83,20,66.14
12:48:59,10.49,33.74,0,43.27,0.07,98.4,1.59,20.02,66.14
12:49:04,10.49,33.7,0,43.27,0.06,98.34,1.71,20.01,66.04
12:49:09,10.46,33.7,0,43.27,0.06,98.34,1.71,20.02,66.04
12:49:14,10.46,33.7,0,43.27,0.07,98.34,1.71,20.03,66.04
12:49:19,10.47,33.8,0,43.21,0.06,98.34,1.59,20.03,66.04
12:49:24,10.42,33.8,0,43.21,0.06,98.27,1.59,20.03,66.04
12:49:29,10.43,33.74,0,43.21,0.07,98.27,1.59,20.03,66.04
12:49:34,10.43,33.74,0,43.21,0.07,98.27,1.59,20,66.04
12:49:39,10.43,33.74,0,43.21,0.07,98.21,1.59,20,66.04
12:49:44,10.44,33.8,0,43.21,0.07,98.21,1.59,20,66.04
12:49:49,10.41,33.8,0,43.21,0.07,97.98,1.71,19.99,66.04
12:49:54,10.41,33.8,0,43.21,0.06,97.98,1.59,20,65.93
12:49:59,10.4,33.8,0,43.21,0.07,97.98,1.71,20,65.93
12:50:04,10.38,33.74,0,43.21,0.07,97.81,1.83,19.99,65.93
12:50:09,10.38,33.74,0,43.21,0.07,97.81,1.83,19.99,65.93
12:50:14,10.38,33.74,0,43.21,0.07,97.75,1.71,19.99,65.93
12:50:19,10.35,33.8,0,43.17,0.06,97.75,1.71,19.97,65.87
12:50:24,10.35,33.8,0,43.17,0.06,97.5,1.59,19.96,65.87
12:50:29,10.36,33.8,0,43.11,0.07,97.5,1.59,19.97,65.87
12:50:34,10.35,33.8,0,43.11,0.07,97.5,1.71,19.95,65.87
12:50:39,10.33,33.8,0,43.11,0.07,97.46,1.83,19.95,65.87
12:50:44,10.32,33.8,0,43.11,0.07,97.46,1.83,19.94,65.81
12:50:49,10.33,33.8,0,43.11,0.07,97.5,1.71,19.94,65.81
12:50:54,10.31,33.8,0,43.11,0.06,97.5,1.59,19.94,65.81
12:50:59,10.29,33.8,0,43.11,0.07,97.5,1.71,19.92,65.81
12:51:04,10.29,33.8,0,43.11,0.06,97.5,1.71,19.94,65.75
12:51:09,10.27,33.8,0,43.11,0.07,97.5,1.71,19.95,65.75
12:51:14,10.29,33.8,0,43.11,0.07,97.33,1.71,19.95,65.75
12:51:19,10.26,33.87,0,43.11,0.07,97.33,1.71,19.92,65.68
12:51:24,10.28,33.87,0,43.11,0.06,97.4,1.59,19.92,65.68
12:51:29,10.23,33.8,0,43.17,0.06,97.4,1.59,19.92,65.62
12:51:34,10.21,33.8,0,43.17,0.06,97.4,1.71,19.92,65.62
12:51:39,10.23,33.8,0,43.17,0.07,97.27,1.59,19.91,65.62
12:51:44,10.21,33.8,0,43.11,0.06,97.27,1.71,19.91,65.58
12:51:49,10.19,33.8,0,43.11,0.07,97.27,1.71,19.92,65.58
12:51:54,10.2,33.8,0,43.11,0.07,97.27,1.71,19.9,65.45
12:51:59,10.19,33.8,0,43.11,0.07,97.27,1.59,19.91,65.45
12:52:04,10.18,33.8,0,43.04,0.07,97.23,1.71,19.91,65.45
12:52:09,10.19,33.8,0,43.04,0.07,97.23,1.83,19.91,65.45
12:52:14,10.18,33.8,0,43.04,0.07,97.17,1.71,19.89,65.45
12:52:19,10.18,33.74,0,43.04,0.07,97.17,1.71,19.89,65.29
12:52:24,10.16,33.74,0,43.04,0.07,97.17,1.71,19.9,65.29
12:52:29,10.16,33.8,0,43.04,0.07,97.17,1.59,19.89,65.29
12:52:34,10.13,33.8,0,43.04,0.07,97.17,1.83,19.89,65.29
12:52:39,10.13,33.8,0,43.04,0.07,97.04,1.71,19.9,65.29
12:52:44,10.14,33.8,0,43.04,0.07,97.04,1.71,19.91,65.22
12:52:49,10.11,33.8,0,43.04,0.07,96.71,1.71,19.9,65.22
12:52:54,10.12,33.8,0,43.04,0.07,96.71,1.71,19.9,65.1
12:52:59,10.1,33.8,0,43.04,0.07,96.71,1.71,19.88,65.1
12:53:04,10.11,33.8,0,43.04,0.07,96.54,1.71,19.88,64.99
12:53:09,10.07,33.8,0,43.04,0.07,96.54,1.71,19.88,64.99
12:53:14,10.08,33.8,0,43.04,0.07,96.5,1.71,19.89,64.99
12:53:19,10.07,33.8,0,42.98,0.07,96.5,1.71,19.9,64.93
12:53:24,10.05,33.8,0,42.98,0.07,96.33,1.71,19.9,64.93
12:53:29,10.07,33.8,0,43.04,0.07,96.33,1.71,19.89,64.87
12:53:34,10.07,33.8,0,43.04,0.07,96.33,1.83,19.89,64.87
12:53:39,10.04,33.8,0,43.04,0.07,96.2,1.59,19.89,64.87
12:53:44,10.04,33.8,0,43.04,0.07,96.2,1.59,19.88,64.76
12:53:49,10,33.8,0,43.04,0.07,96.04,1.71,19.89,64.76
12:53:54,10,33.74,0,42.98,0.06,96.04,1.71,19.9,64.76
12:53:59,10.01,33.74,0,42.98,0.07,96.04,1.71,19.9,64.76
12:54:04,9.99,33.74,0,42.98,0.06,95.81,1.59,19.88,64.6
12:54:09,9.98,33.74,0,42.98,0.07,95.81,1.59,19.88,64.6
12:54:14,9.97,33.74,0,42.98,0.07,95.64,1.83,19.89,64.6
12:54:19,9.98,33.8,0,42.98,0.06,95.64,1.83,19.89,64.6
12:54:24,9.96,33.8,0,42.98,0.07,95.51,1.71,19.9,64.6
12:54:29,9.94,33.74,0,42.94,0.07,95.51,1.71,19.89,64.66
12:54:34,9.96,33.74,0,42.94,0.07,95.51,1.71,19.89,64.66
12:54:39,9.95,33.74,0,42.94,0.07,95.45,1.71,19.91,64.66
12:54:44,9.93,33.8,0,42.94,0.07,95.45,1.71,19.91,64.6
12:54:49,9.94,33.8,0,42.94,0.06,95.35,1.71,19.91,64.6
12:54:54,9.91,33.8,0,42.94,0.06,95.35,1.71,19.9,64.6
12:54:59,9.91,33.8,0,42.94,0.06,95.35,1.71,19.91,64.6
12:55:04,9.9,33.8,0,42.94,0.07,95.28,1.59,19.9,64.53
12:55:09,9.9,33.8,0,42.94,0.07,95.28,1.59,19.9,64.53
12:55:14,9.88,33.8,0,42.94,0.06,95.35,1.59,19.89,64.53
12:55:19,9.88,33.8,0,42.94,0.07,95.35,1.71,19.88,64.53
12:55:24,9.86,33.8,0,42.94,0.07,95.64,1.71,19.89,64.53
12:55:29,9.86,33.8,0,42.94,0.07,95.64,1.59,19.89,64.49
12:55:34,9.85,33.8,0,42.94,0.07,95.64,1.59,19.88,64.49
12:55:39,9.84,33.8,0,42.94,0.07,95.87,1.71,19.88,64.49
12:55:44,9.83,33.8,0,42.88,0.06,95.87,1.59,19.89,64.49
12:55:49,9.83,33.8,0,42.88,0.07,96.1,1.59,19.88,64.49
12:55:54,9.81,33.8,0,42.88,0.06,96.1,1.71,19.91,64.49
12:55:59,9.82,33.8,0,42.88,0.07,96.1,1.59,19.91,64.49
12:56:04,9.79,33.8,0,42.88,0.07,96.2,1.71,19.92,64.49
12:56:09,9.79,33.8,0,42.88,0.06,96.2,1.59,19.94,64.49
12:56:14,9.8,33.8,0,42.88,0.06,96.33,1.59,19.94,64.49
12:56:19,9.79,33.8,0,42.88,0.07,96.33,1.83,19.95,64.37
12:56:24,9.77,33.8,0,42.88,0.07,96.27,1.71,19.97,64.37
12:56:29,9.78,33.74,0,42.88,0.06,96.27,1.71,19.98,64.37
12:56:34,9.76,33.74,0,42.88,0.07,96.27,1.83,19.98,64.37
12:56:39,9.75,33.74,0,42.88,0.07,96.2,1.71,19.99,64.37
12:56:44,9.74,33.8,0,42.88,0.07,96.2,1.71,19.99,64.32
12:56:49,9.76,33.8,0,42.88,0.07,96.04,1.71,20,64.32
12:56:54,9.76,33.8,0,42.81,0.07,96.04,1.59,20,64.32
12:56:59,9.71,33.8,0,42.81,0.07,96.04,1.71,20,64.32
12:57:04,9.71,33.8,0,42.88,0.07,95.87,1.71,20.03,64.26
12:57:09,9.71,33.8,0,42.88,0.06,95.87,1.59,20.03,64.26
12:57:14,9.7,33.8,0,42.88,0.07,95.68,1.59,20.06,64.26
12:57:19,9.71,33.8,0,42.81,0.06,95.68,1.71,20.08,64.26
12:57:24,9.68,33.8,0,42.81,0.07,95.35,1.83,20.09,64.26
12:57:29,9.66,33.8,0,42.81,0.07,95.35,1.59,20.08,64.22
12:57:34,9.66,33.8,0,42.81,0.07,95.35,1.59,20.1,64.22
12:57:39,9.65,33.8,0,42.81,0.07,95.22,1.71,20.11,64.22
12:57:44,9.64,33.8,0,42.81,0.07,95.22,1.59,20.12,64.22
12:57:49,9.65,33.8,0,42.81,0.07,95.1,1.71,20.11,64.22
12:57:54,9.62,33.87,0,42.81,0.07,95.1,1.83,20.11,64.16
12:57:59,9.62,33.87,0,42.81,0.07,95.1,1.71,20.12,64.16
12:58:04,9.64,33.8,0,42.81,0.07,94.7,1.71,20.11,64.09
12:58:09,9.62,33.8,0,42.81,0.07,94.7,1.71,20.09,64.16
12:58:14,9.6,33.8,0,42.81,0.07,94.34,1.83,20.1,64.16
12:58:19,9.61,33.87,0,42.81,0.07,94.34,1.59,20.1,64.09
12:58:24,9.58,33.87,0,42.81,0.07,93.86,1.59,20.09,64.09
12:58:29,9.58,33.8,0,42.81,0.06,93.86,1.71,20.08,64.03
12:58:34,9.57,33.8,0,42.81,0.06,93.86,1.71,20.06,64.03
12:58:39,9.58,33.8,0,42.81,0.07,93.36,1.71,20.08,64.03
12:58:44,9.56,33.8,0,42.81,0.07,93.36,1.71,20.07,64.03
12:58:49,9.56,33.8,0,42.81,0.07,92.92,1.71,20.06,64.03
12:58:54,9.56,33.8,0,42.75,0.06,92.92,1.59,20.06,63.93
12:58:59,9.55,33.8,0,42.75,0.06,92.92,1.59,20.04,63.93
12:59:04,9.55,33.8,0,42.75,0.06,92.4,1.59,20.04,63.93
12:59:09,9.52,33.8,0,42.75,0.06,92.4,1.71,20.04,63.93
12:59:14,9.51,33.8,0,42.75,0.07,92.11,1.71,20.02,63.93
12:59:19,9.47,33.8,0,42.69,0.07,92.11,1.59,20,63.86
12:59:24,9.49,33.8,0,42.69,0.06,91.81,1.83,20.01,63.86
12:59:29,9.49,33.8,0,42.69,0.07,91.81,1.71,20.03,63.8
12:59:34,9.49,33.8,0,42.69,0.07,91.81,1.71,20.02,63.8
12:59:39,9.47,33.8,0,42.69,0.06,91.38,1.59,20.02,63.8
12:59:44,9.46,33.87,0,42.75,0.06,91.38,1.59,20.02,63.8
12:59:49,9.47,33.87,0,42.75,0.07,91.04,1.59,20.02,63.8
12:59:54,9.45,33.87,0,42.69,0.07,91.04,1.71,20.02,63.8
12:59:59,9.44,33.87,0,42.69,0.07,91.04,1.71,20.02,63.8
13:00:04,9.43,33.87,0,42.69,0.06,90.56,1.59,20,63.76
13:00:09,9.44,33.87,0,42.69,0.07,90.56,1.59,20,63.76
13:00:14,9.42,33.87,0,42.69,0.06,90.29,1.71,20,63.76
13:00:19,9.41,33.8,0,42.63,0.07,90.29,1.83,20,63.7
13:00:24,9.41,33.8,0,42.63,0.06,89.83,1.71,20,63.7
13:00:29,9.4,33.87,0,42.69,0.06,89.83,1.59,20,63.7
13:00:34,9.39,33.87,0,42.69,0.07,89.83,1.71,20.01,63.7
13:00:39,9.39,33.87,0,42.69,0.07,89.49,1.71,20,63.7
13:00:44,9.4,33.87,0,42.69,0.07,89.49,1.71,20.02,63.63
13:00:49,9.38,33.87,0,42.69,0.07,89.16,1.71,20.02,63.63
13:00:54,9.35,33.87,0,42.63,0.07,89.16,1.59,20,63.57
13:00:59,9.34,33.87,0,42.63,0.07,89.16,1.71,19.99,63.57
13:01:04,9.36,33.8,0,42.63,0.07,88.87,1.71,19.99,63.57
13:01:09,9.35,33.8,0,42.63,0.07,88.87,1.71,20.01,63.57
13:01:14,9.35,33.8,0,42.63,0.07,88.51,1.71,20,63.57
13:01:19,9.33,33.87,0,42.63,0.07,88.51,1.71,20,63.51
13:01:24,9.32,33.87,0,42.63,0.07,88.22,1.83,19.99,63.51
13:01:29,9.29,33.87,0,42.63,0.07,88.22,1.71,19.99,63.47
13:01:34,9.3,33.87,0,42.63,0.07,88.22,1.71,19.97,63.47
13:01:39,9.3,33.87,0,42.63,0.07,87.93,1.71,19.97,63.47
13:01:44,9.28,33.87,0,42.56,0.07,87.93,1.71,19.99,63.4
13:01:49,9.3,33.87,0,42.56,0.07,87.72,1.71,19.99,63.4
13:01:54,9.27,33.8,0,42.63,0.07,87.72,1.71,19.99,63.34
13:01:59,9.31,33.8,0,42.63,0.07,87.72,1.59,19.97,63.34
13:02:04,9.28,33.87,0,42.56,0.07,87.36,1.59,19.97,63.34
13:02:09,9.27,33.87,0,42.56,0.07,87.36,1.71,19.97,63.34
13:02:14,9.26,33.87,0,42.56,0.07,87.15,1.71,19.97,63.34
13:02:19,9.24,33.87,0,42.56,0.07,87.15,1.71,19.95,63.22
13:02:24,9.23,33.87,0,42.56,0.07,86.82,1.59,19.95,63.22
13:02:29,9.23,33.87,0,42.56,0.07,86.82,1.59,19.95,63.09
13:02:34,9.21,33.87,0,42.56,0.07,86.82,1.59,19.94,63.09
13:02:39,9.21,33.87,0,42.56,0.07,86.27,1.71,19.94,63.09
13:02:44,9.21,33.8,0,42.63,0.07,86.27,1.59,19.94,63.09
13:02:49,9.2,33.8,0,42.63,0.07,85.81,1.59,19.94,63.09
13:02:54,9.17,33.8,0,42.5,0.07,85.81,1.71,19.94,63.05
13:02:59,9.18,33.8,0,42.5,0.07,85.81,1.59,19.95,63.05
13:03:04,9.17,33.87,0,42.56,0.07,85.25,1.59,19.94,63.05
13:03:09,9.15,33.87,0,42.56,0.07,85.25,1.71,19.95,63.05
13:03:14,9.15,33.87,0,42.56,0.07,84.56,1.59,19.95,63.05
13:03:19,9.14,33.8,0,42.5,0.07,84.56,1.71,19.94,62.99
13:03:24,9.14,33.8,0,42.5,0.06,83.93,1.59,19.94,62.99
13:03:29,9.13,33.8,0,42.5,0.07,83.93,1.71,19.95,62.92
13:03:34,9.13,33.8,0,42.5,0.07,83.93,1.83,19.95,62.92
13:03:39,9.14,33.8,0,42.5,0.07,83.22,1.71,19.96,62.92
13:03:44,9.11,33.8,0,42.5,0.07,83.22,1.71,19.95,62.92
13:03:49,9.11,33.8,0,42.5,0.07,82.6,1.59,19.95,62.92
13:03:54,9.11,33.8,0,42.5,0.07,82.6,1.71,19.97,62.86
13:03:59,9.11,33.8,0,42.5,0.07,82.6,1.71,19.98,62.86
13:04:04,9.09,33.8,0,42.5,0.07,81.99,1.71,19.97,62.86
13:04:09,9.06,33.8,0,42.5,0.07,81.99,1.59,19.98,62.86
13:04:14,9.09,33.8,0,42.5,0.07,81.8,1.59,19.99,62.86
13:04:19,9.08,33.8,0,42.46,0.07,81.8,1.59,19.98,62.82
13:04:24,9.06,33.8,0,42.46,0.07,81.4,1.59,19.98,62.82
13:04:29,9.04,33.8,0,42.5,0.07,81.4,1.59,19.97,62.76
13:04:34,9.05,33.8,0,42.5,0.07,81.4,1.59,19.97,62.76
13:04:39,9.04,33.8,0,42.5,0.07,79.17,1.71,19.97,62.76
13:04:44,9.03,33.8,0,42.46,0.07,79.17,1.71,19.95,62.76
13:04:49,9.03,33.8,0,42.46,0.07,78.94,1.59,19.95,62.76
13:04:54,9.04,33.8,0,42.46,0.07,78.94,1.71,19.97,62.76
13:04:59,9,33.8,0,42.46,0.07,78.94,1.71,19.99,62.76
13:05:04,9,33.8,0,42.5,0.07,78.75,1.71,19.99,62.71
13:05:09,8.99,33.8,0,42.5,0.07,78.75,1.59,19.99,62.71
13:05:14,8.98,33.8,0,42.5,0.07,78.56,1.59,19.99,62.71
13:05:19,8.99,33.8,0,42.46,0.07,78.56,1.71,20,62.65
13:05:24,8.98,33.8,0,42.46,0.07,78.46,1.71,20,62.65
13:05:29,8.96,33.8,0,42.5,0.07,78.46,1.71,20,62.59
13:05:34,8.97,33.8,0,42.5,0.07,78.46,1.71,19.99,62.59
13:05:39,8.97,33.8,0,42.5,0.07,78.04,1.71,19.99,62.59
13:05:44,8.94,33.8,0,42.46,0.07,78.04,1.59,19.99,62.59
13:05:49,8.97,33.8,0,42.46,0.07,77.87,1.59,19.96,62.59
13:05:54,8.91,33.8,0,42.46,0.07,77.87,1.71,19.97,62.59
13:05:59,8.95,33.8,0,42.46,0.07,77.87,1.59,19.99,62.59
13:06:04,8.94,33.8,0,42.4,0.07,77.6,1.71,19.97,62.59
13:06:09,8.91,33.8,0,42.4,0.07,77.6,1.71,19.98,62.59
13:06:14,8.9,33.8,0,42.4,0.07,78.62,1.83,19.99,62.59
13:06:19,8.89,33.8,0,42.4,0.07,78.62,1.83,19.99,62.55
13:06:24,8.89,33.8,0,42.4,0.07,80.42,1.71,20,62.55
13:06:29,8.87,33.8,0,42.4,0.07,80.42,1.59,19.99,62.55
13:06:34,8.87,33.8,0,42.4,0.07,80.42,1.59,19.99,62.55
13:06:39,8.89,33.8,0,42.4,0.07,80.61,1.71,19.99,62.55
13:06:44,8.86,33.74,0,42.33,0.07,80.61,1.71,20,62.32
13:06:49,8.85,33.74,0,42.33,0.07,80.55,1.71,19.99,62.32
13:06:54,8.85,33.74,0,42.27,0.07,80.55,1.71,19.99,62.32
13:06:59,8.84,33.74,0,42.27,0.07,80.55,1.59,19.97,62.32
13:07:04,9.25,33.74,0,42.33,0.07,80.38,1.59,19.97,62.25
13:07:09,14.03,33.74,0,42.33,0.07,80.38,1.59,19.98,62.25
13:07:14,14.06,33.74,0,42.33,0.07,80.15,1.71,19.97,62.25
13:07:19,14.06,33.74,0,42.27,0.07,80.15,1.83,19.96,62.21
13:07:24,14.04,33.74,0,42.27,0.07,79.75,1.59,19.96,62.21
13:07:29,14.09,33.74,0,42.33,0.07,79.75,1.59,19.96,62.15
13:07:34,14.07,33.74,0,42.33,0.07,79.75,1.59,19.95,62.15
13:07:39,14.08,33.74,0,42.33,0.07,79.56,1.71,19.95,62.15
13:07:44,14.08,33.74,0,42.4,0.07,79.56,1.83,19.95,62.11
13:07:49,14.07,33.74,0,42.4,0.07,79.5,1.71,19.95,62.11
13:07:54,14.07,33.74,0,42.33,0.07,79.5,1.59,19.94,62.11
13:07:59,14.09,33.74,0,42.33,0.07,79.5,1.71,19.94,62.11
13:08:04,14.09,33.74,0,42.33,0.07,79.27,1.71,19.96,62.05
13:08:09,14.1,33.74,0,42.33,0.07,79.27,1.71,19.97,62.05
13:08:14,14.1,33.74,0,42.33,0.07,79.17,1.59,19.95,62.05
13:08:19,14.08,33.74,0,42.27,0.07,79.17,1.59,19.95,61.92
13:08:24,14.1,33.74,0,42.27,0.07,79,1.71,19.95,61.92
13:08:29,14.11,33.74,0,42.4,0.07,79,1.71,19.95,61.92
13:08:34,14.09,33.74,0,42.4,0.08,79,1.71,19.96,61.92
13:08:39,14.1,33.74,0,42.4,0.07,78.94,1.83,19.94,61.92
13:08:44,14.1,33.74,0,42.4,0.07,78.94,1.59,19.94,61.82
13:08:49,14.09,33.74,0,42.4,0.07,78.69,1.47,19.95,61.82
13:08:54,14.08,33.74,0,42.33,0.07,78.69,1.59,19.94,61.75
13:08:59,14.09,33.74,0,42.33,0.07,78.69,1.59,19.95,61.75
13:09:04,14.11,33.74,0,42.27,0.07,78.46,1.71,19.96,61.69
13:09:09,14.14,33.74,0,42.27,0.07,78.46,1.71,19.97,61.69
13:09:14,14.14,33.74,0,42.27,0.07,78.23,1.83,19.97,61.69
13:09:19,14.11,33.74,0,42.33,0.07,78.23,1.59,19.97,61.63
13:09:24,14.09,33.74,0,42.33,0.07,77.87,1.71,19.97,61.63
13:09:29,14.11,33.74,0,42.27,0.07,77.87,1.71,19.99,61.69
13:09:34,14.13,33.74,0,42.27,0.07,77.87,1.71,20.01,61.69
13:09:39,14.11,33.74,0,42.27,0.07,77.93,1.71,20.01,61.69
13:09:44,14.11,33.74,0,42.4,0.07,77.93,1.59,20.02,62.05
13:09:49,14.09,33.74,0,42.4,0.07,78,1.59,20.05,62.05
13:09:54,14,33.74,10.56,43.04,0.07,78,1.83,20.05,61.75
13:09:59,14.02,33.74,21.11,43.04,0.07,78,1.71,13.36,61.75
13:10:04,13.97,33.74,22.43,43.5,0.07,83.87,1.83,8.22,61.98
13:10:09,13.96,33.74,18.83,43.5,0.07,83.87,57.75,6.82,62.05
13:10:14,13.95,33.74,23.25,43.5,0.07,97.33,67.15,6,62.05
13:10:19,13.94,33.7,23.19,43.98,0.08,97.33,66.78,5.48,63.05
13:10:24,13.94,33.7,23.23,43.98,0.08,104.15,66.29,4.72,63.05
13:10:29,13.91,33.7,23.3,44.28,0.08,104.15,67.88,4.38,64.26
13:10:34,13.9,33.7,23.53,44.28,0.08,104.15,71.18,4.21,64.26
13:10:39,13.89,33.7,22.85,44.28,0.09,111.05,75.08,4.12,64.26
13:10:44,13.88,33.7,25.79,44.4,0.09,111.05,79.97,4.09,65.58
13:10:49,13.86,33.7,24.82,44.4,0.11,115.88,84.36,4.05,65.58
13:10:54,13.84,33.7,26.12,44.51,0.11,115.88,84.85,4.03,66.75
13:10:59,13.86,33.7,24.07,44.51,0.11,115.88,86.44,4.02,66.75
13:11:04,13.84,33.64,25.67,44.57,0.11,120.16,90.71,4.01,68.15
13:11:09,13.83,33.64,23.23,44.57,0.12,120.16,92.54,4,68.15
13:11:14,13.83,33.64,26.81,44.57,0.13,126.58,103.04,4,68.15
13:11:19,13.81,33.64,24.73,44.69,0.14,126.58,115.37,3.96,69.59
13:11:24,13.82,33.64,24.31,44.69,0.16,131.16,127.21,3.98,69.59
13:11:29,13.83,33.64,26.33,44.76,0.18,131.16,134.42,3.98,71.1
13:11:34,13.83,33.64,24.01,44.76,0.2,131.16,144.55,3.99,71.1
13:11:39,13.82,33.64,24.09,44.76,0.23,135.34,157.25,3.96,71.1
13:11:44,13.81,33.64,24.16,44.76,0.25,135.34,165.91,3.96,72.52
13:11:49,13.81,33.64,23.72,44.76,0.28,138.62,173.73,3.93,72.52
13:11:54,13.83,33.57,22.68,44.8,0.31,138.62,179.1,3.93,73.98
13:11:59,13.83,33.57,24.34,44.8,0.34,138.62,190.45,3.92,73.98
13:12:04,13.84,33.57,25.86,44.86,0.37,142.47,199.85,3.92,75.51
13:12:09,13.83,33.57,23.25,44.86,0.4,142.47,205.71,3.89,75.51
13:12:14,13.83,33.57,25.59,44.86,0.42,145.52,212.18,3.88,75.51
13:12:19,13.83,33.57,23.11,44.8,0.43,145.52,218.78,3.89,77.03
13:12:24,13.82,33.57,24.61,44.8,0.44,148.28,225,3.89,77.03
13:12:29,13.81,33.51,22.33,44.92,0.43,148.28,232.33,3.9,78.52
13:12:34,13.83,33.51,21.16,44.92,0.39,148.28,238.68,3.89,78.52
13:12:39,13.81,33.51,24.28,44.92,0.37,150.93,244.17,3.88,78.52
13:12:44,13.83,33.51,21.01,44.92,0.34,150.93,251.98,3.89,80.11
13:12:49,13.83,33.51,25.09,44.92,0.32,153.27,258.21,3.91,80.11
13:12:54,13.82,33.47,26.78,44.86,0.31,153.27,266.15,3.91,81.7
13:12:59,13.84,33.47,24.07,44.86,0.3,153.27,272.13,3.91,81.7
13:13:04,13.81,33.47,25.61,44.86,0.31,155.41,277.26,3.9,83.16
13:13:09,13.81,33.47,23.15,44.86,0.32,155.41,283.6,3.89,83.16
13:13:14,13.83,33.47,23.94,44.86,0.33,157.39,288.12,3.88,83.16
13:13:19,13.82,33.41,24.93,44.8,0.33,157.39,293.74,3.88,84.75
13:13:24,13.81,33.41,22.08,44.8,0.34,159.17,298.25,3.88,84.75
13:13:29,13.83,33.41,21.38,44.86,0.34,159.17,304.72,3.87,86.21
13:13:34,13.82,33.41,24.17,44.86,0.35,159.17,310.22,3.88,86.21
13:13:39,13.83,33.41,25.18,44.86,0.37,160.86,314.49,3.88,86.21
13:13:44,13.83,33.41,21.81,44.86,0.37,160.86,318.89,3.87,87.76
13:13:49,13.81,33.41,24.31,44.86,0.38,162.45,324.38,3.87,87.76
13:13:54,13.83,33.34,24.83,44.92,0.39,162.45,329.51,3.88,89.43
13:13:59,13.81,33.34,25.4,44.92,0.41,162.45,334.39,3.87,89.43
13:14:04,13.85,33.41,12.07,44.92,0.41,163.87,338.42,3.86,90.87
13:14:09,13.84,33.41,14.23,44.92,0.42,163.87,333.66,3.87,90.87
13:14:14,13.83,33.41,9.78,44.92,0.42,163.81,329.02,3.82,90.87
13:14:19,13.86,33.34,13.55,44.92,0.42,163.81,325.11,3.75,90.69
13:14:24,13.84,33.34,12.02,44.92,0.42,162.51,323.89,3.66,90.69
13:14:29,13.86,33.41,13.56,44.92,0.42,162.51,321.69,3.61,90.16
13:14:34,13.88,33.41,11.08,44.92,0.42,162.51,319.25,3.61,90.16
13:14:39,13.86,33.41,14.09,44.92,0.42,161.7,317.54,3.61,90.16
13:14:44,13.87,33.41,10.64,44.92,0.42,161.7,314.37,3.61,89.87
13:14:49,13.86,33.41,14.73,44.92,0.42,160.93,311.68,3.62,89.87
13:14:54,13.89,33.41,12.82,45.05,0.43,160.93,308.02,3.64,89.43
13:14:59,13.88,33.41,14.54,45.05,0.42,160.93,305.7,3.64,89.43
13:15:04,13.86,33.34,12.16,45.09,0.43,159.92,302.28,3.63,88.74
13:15:09,13.86,33.34,9.23,45.09,0.43,159.92,298.86,3.64,88.74
13:15:14,13.87,33.34,9.96,45.09,0.43,158.94,297.16,3.62,88.74
13:15:19,13.84,33.41,10.17,45.09,0.43,158.94,294.71,3.64,87.76
13:15:24,13.84,33.41,11.37,45.09,0.43,158.5,294.1,3.64,87.76
13:15:29,13.87,33.41,14.13,45.05,0.43,158.5,293,3.64,87.05
13:15:34,13.86,33.41,12.04,45.05,0.44,158.5,291.54,3.62,87.05
13:15:39,13.88,33.41,14.29,45.05,0.44,158.27,291.17,3.62,87.05
13:15:44,13.86,33.41,11.8,45.05,0.44,158.27,291.66,3.6,86.46
13:15:49,13.86,33.41,12.34,45.05,0.44,158.17,290.56,3.6,86.46
13:15:54,13.85,33.34,12.48,44.99,0.44,158.17,288.61,3.6,85.98
13:15:59,13.89,33.34,14.48,44.99,0.43,158.17,287.14,3.58,85.98
13:16:04,13.84,33.34,13.99,45.05,0.43,157.69,285.44,3.59,85.44
13:16:09,13.85,33.34,12.59,45.05,0.43,157.69,284.34,3.6,85.44
13:16:14,13.87,33.34,10.4,45.05,0.43,157.04,281.77,3.58,85.44
13:16:19,13.86,33.34,12.64,45.09,0.43,157.04,281.04,3.56,84.56
13:16:24,13.87,33.34,13.54,45.09,0.44,156.81,280.06,3.57,84.56
13:16:29,13.87,33.34,11.28,45.09,0.43,156.81,280.67,3.58,83.93
13:16:34,13.87,33.34,14.32,45.09,0.43,156.81,280.31,3.58,83.93
13:16:39,13.84,33.34,12.4,45.09,0.43,156.74,280.19,3.55,83.93
13:16:44,13.87,33.34,13.32,45.09,0.43,156.74,280.67,3.55,83.45
13:16:49,13.88,33.34,11.41,45.09,0.44,156.87,281.04,3.56,83.45
13:16:54,13.87,33.34,13.19,45.05,0.43,156.87,280.92,3.57,83.16
13:16:59,13.85,33.34,11.35,45.05,0.43,156.87,279.82,3.57,83.16
13:17:04,13.86,33.34,12.1,45.15,0.43,156.87,279.58,3.55,82.87
13:17:09,13.86,33.34,11.62,45.15,0.43,156.87,277.5,3.56,82.87
13:17:14,13.85,33.34,14.91,45.15,0.43,156.39,276.4,3.57,82.87
13:17:19,13.86,33.28,10.35,45.22,0.43,156.39,274.94,3.58,82.49
13:17:24,13.86,33.28,11.54,45.22,0.43,155.99,273.96,3.61,82.49
13:17:29,13.89,33.34,10.99,45.26,0.42,155.99,268.95,3.61,81.93
13:17:34,13.87,33.34,13.88,45.26,0.42,155.99,229.4,3.62,81.93
13:17:39,13.87,33.34,11.57,45.26,0.42,158,194.48,3.6,81.93
13:17:44,13.87,33.28,12.69,45.32,0.43,158,184.1,3.59,81.57
13:17:49,13.86,33.28,9.79,45.32,0.43,160.51,184.1,3.59,81.57
13:17:54,13.86,33.28,10.84,45.32,0.45,160.51,187.16,3.59,81.34
13:17:59,13.88,33.28,11.71,45.32,0.45,160.51,189.72,3.61,81.34
13:18:04,13.87,33.28,12.21,45.26,0.45,162.64,192.53,3.59,81.28
13:18:09,13.86,33.28,12.84,45.26,0.46,162.64,196.31,3.59,81.28
13:18:14,13.86,33.28,13.5,45.26,0.46,164.46,199.61,3.57,81.28
13:18:19,13.87,33.34,13.17,45.32,0.48,164.46,202.17,3.56,81.4
13:18:24,13.86,33.34,8.33,45.32,0.47,166.11,204.61,3.55,81.4
13:18:29,13.86,33.28,12.55,45.36,0.48,166.11,205.84,3.57,81.51
13:18:34,13.9,33.28,9.6,45.36,0.49,166.11,205.35,3.56,81.51
13:18:39,13.87,33.28,12.42,45.36,0.49,166.93,204.86,3.57,81.51
13:18:44,13.87,33.28,9.71,45.49,0.49,166.93,204.49,3.56,81.22
13:18:49,13.86,33.28,11.77,45.49,0.49,167.41,204.13,3.58,81.22
13:18:54,13.86,33.28,13.23,45.49,0.5,167.41,207.18,3.58,80.86
13:18:59,13.87,33.28,10.67,45.49,0.5,167.41,209.86,3.59,80.86
13:19:04,13.88,33.22,12.23,45.49,0.51,167.93,212.06,3.59,80.61
13:19:09,13.87,33.22,10.96,45.49,0.51,167.93,213.89,3.59,80.55
13:19:14,13.87,33.22,9.32,45.49,0.52,168.68,215.97,3.58,80.55
13:19:19,13.88,33.28,11.8,45.49,0.52,168.68,217.68,3.56,80.42
13:19:24,13.86,33.28,11.23,45.49,0.53,169.56,219.75,3.55,80.42
13:19:29,13.87,33.22,9.84,45.36,0.54,169.56,221.34,3.54,80.38
13:19:34,13.87,33.22,9.5,45.36,0.53,169.56,221.58,3.55,80.38
13:19:39,13.87,33.22,10.96,45.36,0.54,170.17,221.58,3.55,80.38
13:19:44,13.87,33.22,10.21,45.49,0.53,170.17,220,3.55,80.38
13:19:49,13.87,33.22,10.51,45.49,0.52,170.1,218.29,3.55,80.38
13:19:54,13.88,33.22,13.51,45.53,0.52,170.1,217.8,3.54,80.15
13:19:59,13.87,33.22,10.15,45.53,0.53,170.1,218.29,3.55,80.15
13:20:04,13.89,33.22,9.01,45.59,0.52,170.04,220.49,3.54,79.88
13:20:09,13.85,33.22,10.36,45.59,0.53,170.04,221.58,3.56,79.88
13:20:14,13.87,33.22,12.23,45.59,0.54,170.4,222.93,3.55,79.88
13:20:19,13.87,33.22,14.76,45.53,0.54,170.4,225.49,3.55,79.56
13:20:24,13.86,33.22,7.5,45.53,0.54,171.11,227.32,3.54,79.56
13:20:29,13.87,33.22,13.16,45.53,0.55,171.17,228.91,3.53,79.5
13:20:34,13.85,33.22,11.06,45.53,0.55,171.17,228.91,3.55,79.5
13:20:39,13.86,33.22,11.12,45.53,0.55,171.73,229.28,3.55,79.5
13:20:44,13.86,33.22,0,45.53,0.55,171.73,227.69,3.55,79.4
13:20:49,13.86,33.22,8.71,45.53,0.55,171.67,225.98,3.54,79.4
13:20:54,13.87,33.22,10.38,45.59,0.55,171.67,223.29,3.56,79.23
13:20:59,13.86,33.22,8.71,45.59,0.54,171.67,222.07,3.58,79.23
13:21:04,13.86,33.16,12.39,45.66,0.54,171.11,222.07,3.6,78.87
13:21:09,13.86,33.22,9.59,45.66,0.54,171.11,222.81,3.62,78.87
13:21:14,13.86,33.22,9.98,45.66,0.54,171.04,224.76,3.61,78.87
13:21:19,13.86,33.16,10.59,45.66,0.55,171.04,226.35,3.61,78.62
13:21:24,13.87,33.16,10.43,45.66,0.55,171.55,227.93,3.63,78.62
13:21:29,13.89,33.22,9.37,45.59,0.54,171.55,233.18,3.63,78.52
13:21:34,13.86,33.22,0,45.59,0.54,171.55,251.86,3.61,78.52
13:21:39,13.85,33.22,11.43,45.59,0.53,171.36,264.44,3.6,78.52
13:21:44,13.87,33.16,10.88,45.59,0.53,171.36,266.88,3.58,78.46
13:21:49,13.86,33.16,10.65,45.59,0.53,170.23,264.68,3.6,78.46
13:21:54,13.86,33.09,11.23,45.66,0.53,170.23,251.5,3.61,78.29
13:21:59,13.89,33.09,10.79,45.66,0.54,170.23,229.03,3.61,78.29
13:22:04,13.86,33.09,12.29,45.66,0.53,170.1,222.44,3.56,78.16
13:22:09,13.84,33.09,11.32,45.66,0.54,170.1,222.07,3.55,78.16
13:22:14,13.86,33.09,0,45.66,0.54,170.56,222.93,3.57,78.16
13:22:19,13.88,33.16,9.67,45.72,0.54,170.56,225.61,3.58,78.1
13:22:24,13.86,33.16,11.83,45.72,0.54,171.42,227.2,3.56,78.1
13:22:29,13.84,33.22,11.61,45.72,0.54,171.42,229.28,3.54,78.1
13:22:34,13.87,33.22,11.34,45.72,0.55,171.42,231.47,3.54,78.1
13:22:39,13.88,33.22,10.26,45.72,0.55,172.34,232.94,3.55,78.1
13:22:44,13.87,33.16,10.57,45.66,0.56,172.34,234.4,3.55,78.23
13:22:49,13.87,33.16,0,45.66,0.55,172.99,236.23,3.56,78.23
13:22:54,13.86,33.16,9.16,45.66,0.56,172.99,235.62,3.56,78.46
13:22:59,13.89,33.16,10.69,45.66,0.56,172.99,233.67,3.55,78.46
13:23:04,13.87,33.22,10.55,45.66,0.56,173.03,230.74,3.55,78.46
13:23:09,13.87,33.22,0,45.66,0.55,173.03,227.69,3.55,78.46
13:23:14,13.84,33.22,12.66,45.66,0.56,172.47,226.47,3.54,78.46
13:23:19,13.87,33.16,10.98,45.72,0.56,172.47,226.1,3.55,78.39
13:23:24,13.86,33.16,10.4,45.72,0.56,172.15,227.44,3.55,78.39
13:23:29,13.86,33.16,0,45.72,0.56,172.15,229.15,3.56,78.29
13:23:34,13.89,33.16,9.64,45.72,0.56,172.15,230.62,3.58,78.29
13:23:39,13.86,33.16,0,45.72,0.56,172.47,232.45,3.58,78.29
13:23:44,13.86,33.09,9.38,45.66,0.56,172.47,233.67,3.58,78.16
13:23:49,13.86,33.09,0,45.66,0.56,172.99,235.62,3.59,78.16
13:23:54,13.87,33.09,0,45.66,0.56,172.99,237.46,3.58,78.29
13:23:59,13.87,33.09,0,45.66,0.57,172.99,238.68,3.57,78.29
13:24:04,13.87,32.99,0,45.66,0.57,173.64,238.31,3.58,78.46
13:24:09,13.9,32.99,9.54,45.72,0.57,173.64,238.07,3.6,78.46
13:24:14,13.87,32.99,0,45.72,0.56,173.7,235.75,3.61,78.46
13:24:19,13.86,33.09,0,45.66,0.57,173.7,232.57,3.58,78.52
13:24:24,13.86,33.09,11.51,45.66,0.56,172.99,230.37,3.6,78.52
13:24:29,13.86,33.09,0,45.72,0.56,172.99,229.4,3.6,78.39
13:24:34,13.86,33.09,8.67,45.72,0.56,172.99,228.79,3.59,78.39
13:24:39,13.86,33.09,0,45.72,0.55,172.57,229.89,3.6,78.39
13:24:44,13.87,32.99,9.33,45.72,0.55,172.57,231.11,3.61,78.29
13:24:49,13.89,32.99,9.46,45.72,0.54,172.76,232.21,3.6,78.29
13:24:54,13.89,33.09,0,45.66,0.53,172.76,234.53,3.61,78.29
13:24:59,13.88,33.09,0,45.66,0.53,172.76,236.36,3.61,78.29
13:25:04,13.86,33.09,10.53,45.66,0.53,173.15,238.19,3.6,78.33
13:25:09,13.86,33.09,0,45.66,0.5,173.15,238.43,3.63,78.33
13:25:14,13.87,33.09,0,45.66,0.5,173.74,240.14,3.61,78.33
13:25:19,13.86,33.09,0,45.66,0.51,173.74,241.85,3.63,78.52
13:25:24,13.89,33.09,0,45.66,0.51,174.3,242.95,3.61,78.52
13:25:29,13.91,33.09,0,45.66,0.51,174.3,241.12,3.63,78.69
13:25:34,13.9,33.09,0,45.66,0.48,174.3,221.34,7.17,78.69
13:25:39,13.9,33.09,0,45.66,0.45,171.92,203.27,14.4,78.69
13:25:44,13.91,33.09,0,45.66,0.43,171.92,195.34,17.83,79.63
13:25:49,13.92,33.09,0,45.66,0.42,166.86,190.45,18.4,79.63
13:25:54,13.91,33.16,0,45.72,0.4,166.86,184.84,18.9,80.25
13:25:59,13.9,33.16,0,45.72,0.38,166.86,179.83,19.26,80.25
13:26:04,13.9,33.16,11.05,45.72,0.39,162.81,186.91,18.81,80.04
13:26:09,13.88,33.16,12.37,45.72,0.39,162.81,193.02,9.84,80.04
13:26:14,13.88,33.16,10.48,45.72,0.4,164.1,197.05,7.22,80.04
13:26:19,13.86,33.16,0,45.72,0.41,164.1,200.1,5.98,79.69
13:26:24,13.87,33.16,10.03,45.72,0.41,165.57,202.54,5.26,79.69
13:26:29,13.87,33.16,0,45.72,0.42,165.57,204.13,4.52,79.33
13:26:34,13.87,33.16,8.97,45.72,0.42,165.57,206.08,3.96,79.33
13:26:39,13.86,33.16,0,45.72,0.43,166.93,206.57,3.81,79.33
13:26:44,13.87,33.16,8.97,45.72,0.44,166.93,207.67,3.72,79
13:26:49,13.87,33.16,11.26,45.72,0.43,168.22,209.01,3.69,79
13:26:54,13.88,33.16,11.85,45.66,0.45,168.22,211.21,3.67,78.94
13:26:59,13.88,33.16,0,45.66,0.46,168.22,213.4,3.67,78.94
13:27:04,13.86,33.16,12.05,45.66,0.47,169.22,215.24,3.68,79
13:27:09,13.86,33.16,8.22,45.66,0.47,169.22,218.78,3.66,79
13:27:14,13.86,33.16,0,45.66,0.48,170.17,220.97,3.64,79
13:27:19,13.86,33.16,0,45.59,0.48,170.17,222.93,3.67,79.17
13:27:24,13.89,33.16,10.58,45.59,0.49,170.98,224.88,3.69,79.17
13:27:29,13.87,33.16,11.43,45.59,0.5,170.98,226.47,3.67,79.4
13:27:34,13.87,33.16,0,45.59,0.5,170.98,228.3,3.67,79.4
13:27:39,13.86,33.16,0,45.59,0.5,171.73,229.89,3.67,79.4
13:27:44,13.86,33.16,10.02,45.59,0.51,171.73,231.6,3.67,79.69
13:27:49,13.87,33.16,0,45.59,0.52,172.51,233.18,3.69,79.69
13:27:54,13.86,33.16,0,45.59,0.52,172.51,234.04,3.7,80.04
13:27:59,13.86,33.16,0,45.59,0.52,172.51,233.43,3.69,80.04
13:28:04,13.87,33.16,0,45.66,0.52,172.8,232.08,3.65,80.25
13:28:09,13.86,33.16,8.49,45.66,0.52,172.8,229.28,3.64,80.25
13:28:14,13.87,33.16,0,45.66,0.52,172.47,227.44,3.64,80.25
13:28:19,13.87,33.22,11.9,45.72,0.52,172.47,226.59,3.66,80.38
13:28:24,13.88,33.22,0,45.72,0.52,171.98,227.2,3.66,80.38
13:28:29,13.87,33.22,0,45.72,0.52,171.98,227.93,3.65,80.25
13:28:34,13.87,33.22,0,45.72,0.51,171.98,228.67,3.66,80.25
13:28:39,13.86,33.22,10.3,45.72,0.51,172.21,230.5,3.64,80.25
13:28:44,13.86,33.22,0,45.72,0.51,172.21,232.45,3.64,80.11
13:28:49,13.87,33.22,0,45.72,0.52,172.7,234.53,3.64,80.11
13:28:54,13.87,33.16,0,45.72,0.52,172.7,235.38,3.66,80.15
13:28:59,13.87,33.16,9.54,45.72,0.52,172.7,236.48,3.65,80.15
13:29:04,13.89,33.22,0,45.66,0.52,173.28,238.07,3.65,80.21
13:29:09,13.86,33.22,9.67,45.66,0.53,173.28,239.53,3.63,80.25
13:29:14,13.86,33.22,0,45.66,0.53,173.93,240.26,3.64,80.25
13:29:19,13.87,33.16,0,45.72,0.54,173.93,239.78,3.64,80.38
13:29:24,13.86,33.16,10.78,45.72,0.53,174.05,238.92,3.64,80.38
13:29:29,13.87,33.16,9.08,45.72,0.54,174.05,236.97,3.67,80.38
13:29:34,13.88,33.16,0,45.72,0.53,174.05,233.67,3.67,80.38
13:29:39,13.89,33.16,11.3,45.72,0.53,173.51,231.47,3.69,80.38
13:29:44,13.87,33.16,9.9,45.72,0.52,173.51,231.84,3.64,80.21
13:29:49,13.86,33.16,10.43,45.72,0.52,172.99,232.33,3.65,80.21
13:29:54,13.85,33.16,12.88,45.72,0.53,172.99,232.45,3.65,80.04
13:29:59,13.86,33.16,0,45.72,0.52,172.99,225.86,3.66,80.04
13:30:04,13.86,33.16,0,45.72,0.52,173.47,207.91,3.65,79.88
13:30:09,13.89,33.16,0,45.72,0.53,173.47,204,3.64,79.88
13:30:14,13.91,33.16,0,45.72,0.52,174.56,193.02,3.65,79.88
13:30:19,13.91,33.16,0,45.66,0.5,174.56,171.65,12.21,80.04
13:30:24,13.92,33.16,0,45.66,0.47,170.69,160.05,17.07,80.04
13:30:29,13.92,33.22,0,45.66,0.45,170.46,156.39,18.14,81.05
13:30:34,13.91,33.22,0,45.66,0.44,170.46,152.24,18.57,81.05
13:30:39,13.92,33.22,0,45.66,0.42,166.36,149.8,19.01,81.05
13:30:44,13.94,33.22,0,45.66,0.42,166.36,145.04,19.31,81.99
13:30:49,13.92,33.22,0,45.66,0.39,163,141.01,19.44,81.99
13:30:54,13.93,33.22,0,45.72,0.39,163,137.35,19.56,82.83
13:30:59,13.94,33.22,0,45.72,0.38,163,134.78,19.63,82.83
13:31:04,13.88,33.22,10.82,45.72,0.38,159.3,138.44,19.69,82.37
13:31:09,13.89,33.22,11.05,45.72,0.39,159.3,147.6,15.74,82.37
13:31:14,13.88,33.22,0,45.72,0.4,161.28,154.32,8.38,82.37
13:31:19,13.85,33.22,0,45.72,0.41,161.28,158.95,6.71,81.86
13:31:24,13.89,33.22,0,45.72,0.42,164.04,162.74,5.74,81.86
13:31:29,13.87,33.22,11.03,45.72,0.42,164.17,165.91,5.12,81.51
13:31:34,13.87,33.22,11.32,45.72,0.43,164.17,168.72,4.31,81.51
13:31:39,13.86,33.22,12.5,45.72,0.45,166.61,170.55,3.94,81.51
13:31:44,13.91,33.16,0,45.72,0.46,166.61,173.24,3.84,81.28
13:31:49,13.89,33.16,0,45.72,0.46,168.58,176.29,3.8,81.28
13:31:54,13.87,33.03,10.92,45.72,0.48,168.58,179.83,3.77,81.22
13:31:59,13.87,33.03,9.88,45.72,0.47,168.58,183.74,3.75,81.22
13:32:04,13.9,33.16,0,45.72,0.48,170.46,187.64,3.74,81.34
13:32:09,13.89,33.16,0,45.72,0.5,170.46,191.19,3.74,81.34
13:32:14,13.87,33.16,0,45.72,0.51,172.21,194.97,3.75,81.34
13:32:19,13.86,33.03,0,45.66,0.52,172.21,196.92,3.75,81.57
13:32:24,13.86,33.03,9.22,45.66,0.52,173.7,199.61,3.75,81.57
13:32:29,13.87,33.16,9.76,45.66,0.54,173.7,203.03,3.72,81.8
13:32:34,13.91,33.16,0,45.66,0.52,173.7,194.6,3.72,81.8
13:32:39,13.89,33.16,0,45.66,0.5,173.64,174.7,12.1,81.8
13:32:44,13.91,33.16,0,45.66,0.47,173.64,161.76,16.64,82.7
13:32:49,13.89,33.16,0,45.66,0.46,169.33,157,18.24,82.7
13:32:54,13.94,33.16,0,45.72,0.43,169.33,153.22,18.75,83.74
13:32:59,13.91,33.16,0,45.72,0.42,169.33,149.07,19.17,83.74
13:33:04,13.92,33.16,0,45.76,0.41,164.81,144.92,19.39,84.39
13:33:09,13.94,33.16,0,45.72,0.39,164.81,140.15,19.54,84.39
13:33:14,13.95,33.16,0,45.72,0.39,161.22,138.44,19.63,84.39
13:33:19,13.92,33.16,0,45.72,0.38,161.22,137.1,19.72,84.75
13:33:24,13.89,33.16,0,45.72,0.38,159.11,140.15,19.75,84.75
13:33:29,13.91,33.28,0,45.76,0.39,159.11,143.82,14.49,84.62
13:33:34,13.88,33.28,9.6,45.76,0.4,159.11,147.36,8.08,84.62
13:33:39,13.89,33.28,8.99,45.76,0.41,162.1,151.63,6.49,84.62
13:33:44,13.89,33.22,11.01,45.76,0.42,162.1,155.9,5.6,84.16
13:33:49,13.87,33.22,0,45.76,0.42,164.46,159.57,5.15,84.16
13:33:54,13.89,33.22,0,45.76,0.44,164.46,162.62,4.21,83.51
13:33:59,13.88,33.22,0,45.76,0.45,164.46,165.3,3.93,83.51
13:34:04,13.86,33.22,10.02,45.76,0.45,166.55,167.87,3.84,82.99
13:34:09,13.86,33.22,10.81,45.76,0.45,166.55,171.04,3.77,82.99
13:34:14,13.86,33.22,0,45.76,0.46,168.51,175.8,3.73,82.99
13:34:19,13.87,33.09,0,45.76,0.48,168.51,179.71,3.71,82.7
13:34:24,13.87,33.09,9.73,45.76,0.49,170.23,183.62,3.72,82.7
13:34:29,13.87,33.09,0,45.72,0.49,170.23,186.91,3.71,82.6
13:34:34,13.89,33.09,0,45.72,0.5,170.23,190.09,3.72,82.6
13:34:39,13.88,33.09,11.35,45.72,0.5,171.86,192.53,3.7,82.6
13:34:44,13.86,33.09,0,45.72,0.52,171.86,195.09,3.71,82.6
13:34:49,13.89,33.09,0,45.72,0.52,173.15,197.66,3.71,82.6
13:34:54,13.9,33.03,10.08,45.66,0.53,173.15,199.12,3.72,82.66
13:34:59,13.88,33.03,0,45.66,0.53,173.15,199.37,3.69,82.66
13:35:04,13.86,33.09,9.55,45.72,0.53,174.12,198.14,3.66,82.83
13:35:09,13.9,33.09,0,45.72,0.54,174.12,196.92,3.66,82.83
13:35:14,13.87,33.09,9.64,45.72,0.54,174.18,195.95,3.63,82.83
13:35:19,13.86,33.09,9.53,45.76,0.54,174.18,195.82,3.63,82.66
13:35:24,13.88,33.09,0,45.76,0.54,174.3,196.8,3.61,82.66
13:35:29,13.87,33.09,12.29,45.76,0.54,174.3,198.14,3.62,82.43
13:35:34,13.88,33.09,0,45.76,0.53,174.3,190.82,3.63,82.43
13:35:39,13.91,33.09,0,45.76,0.51,33.09,171.77,11.48,82.43
13:35:44,13.9,33.09,0,45.76,0.49,33.09,161.64,16.72,82.43
13:35:49,13.92,33.09,0,45.76,0.46,169.1,157.37,18.28,82.43
13:35:54,13.91,33.09,0,45.72,0.44,169.1,153.46,18.79,83.39
13:35:59,13.95,33.09,0,45.72,0.43,169.1,149.31,19.14,83.39
13:36:04,13.94,33.09,0,45.72,0.41,164.88,145.28,19.35,84.29
13:36:09,13.94,33.09,0,45.72,0.4,164.88,141.74,19.52,84.29
13:36:14,13.93,33.09,0,45.72,0.39,160.93,139.91,19.62,84.29
13:36:19,13.93,33.22,0,45.72,0.38,160.93,136.74,19.68,84.75
13:36:24,13.91,33.22,11.31,45.72,0.38,159.04,141.5,19.75,84.75
13:36:29,13.89,33.22,0,45.72,0.39,159.04,148.7,13.84,84.56
13:36:34,13.87,33.22,10.58,45.72,0.4,159.04,153.46,8.12,84.56
13:36:39,13.87,33.22,0,45.72,0.41,161.8,156.64,6.62,84.56
13:36:44,13.87,33.09,0,45.72,0.42,161.8,160.3,5.71,84.1
13:36:49,13.87,33.09,8.5,45.72,0.43,164.33,162.98,5.1,84.1
13:36:54,13.89,33.09,11.17,45.72,0.44,164.33,166.4,4.27,83.51
13:36:59,13.88,33.09,9.95,45.72,0.44,164.33,168.36,3.93,83.51
13:37:04,13.86,33.09,0,45.76,0.46,166.49,170.19,3.82,83.03
13:37:09,13.87,33.09,0,45.76,0.46,166.49,172.51,3.75,83.03
13:37:14,13.86,33.09,0,45.76,0.47,168.51,175.19,3.72,83.03
13:37:19,13.9,33.09,10.22,45.72,0.49,168.51,179.47,3.72,82.7
13:37:24,13.86,33.09,0,45.72,0.49,170.17,183.62,3.71,82.7
13:37:29,13.87,33.03,11.66,45.72,0.5,170.17,186.79,3.72,82.6
13:37:34,13.88,33.03,10.06,45.72,0.51,170.17,189.6,3.72,82.6
13:37:39,13.87,33.03,0,45.72,0.51,171.73,193.75,3.69,82.6
13:37:44,13.9,33.09,0,45.76,0.53,171.73,196.68,3.69,82.6
13:37:49,13.87,33.09,11.45,45.76,0.54,173.28,199.24,3.67,82.6
13:37:54,13.87,33.09,10.47,45.76,0.54,173.28,201.07,3.67,82.7
13:37:59,13.89,33.09,0,45.76,0.54,173.28,200.83,3.64,82.7
13:38:04,13.92,33.16,0,45.72,0.51,174.37,182.15,8.55,83.16
13:38:09,13.94,33.16,0,45.72,0.5,174.37,165.79,14.89,83.16
13:38:14,13.92,33.16,0,45.72,0.47,170.23,159.08,17.85,83.16
13:38:19,13.91,33.16,0,45.76,0.46,170.23,155.54,18.51,84.52
13:38:24,13.92,33.16,0,45.76,0.44,166.05,152.24,18.96,84.52
13:38:29,13.92,33.16,0,45.76,0.42,166.05,148.58,19.3,85.61
13:38:34,13.92,33.16,0,45.76,0.41,166.05,144.18,19.47,85.61
13:38:39,13.92,33.16,0,45.76,0.4,162.64,138.93,19.59,85.61
13:38:44,13.91,33.16,0,45.66,0.39,162.64,138.2,19.66,86.69
13:38:49,13.89,33.16,0,45.66,0.38,159.8,136.74,19.74,86.69
13:38:54,13.89,33.16,9.48,45.72,0.39,159.8,143.57,19.07,86.82
13:38:59,13.89,33.16,0,45.72,0.4,159.8,148.46,9.92,86.82
13:39:04,13.86,33.16,0,45.72,0.42,161.41,153.22,7.13,86.86
13:39:09,13.89,33.16,10.42,45.72,0.43,161.41,156.88,6.11,86.86
13:39:14,13.87,33.16,11.67,45.72,0.46,164.4,160.54,5.38,86.86
13:39:19,13.89,33.16,11.12,45.72,0.47,164.4,164.82,4.6,87.09
13:39:24,13.88,33.16,12.15,45.72,0.5,167.22,168.72,4.03,87.09
13:39:29,13.86,33.16,0,45.72,0.51,167.22,172.38,3.85,87.26
13:39:34,13.86,33.16,0,45.72,0.52,167.22,176.41,3.78,87.26
13:39:39,13.89,33.16,11.64,45.72,0.53,169.29,181.66,3.74,87.26
13:39:44,13.88,33.16,10.82,45.72,0.54,169.29,185.69,3.75,87.55
13:39:49,13.87,33.16,0,45.72,0.55,171.11,189.35,3.74,87.55
13:39:54,13.87,33.09,0,45.72,0.56,171.11,192.16,3.72,87.76
13:39:59,13.9,33.09,0,45.72,0.56,171.11,192.77,3.71,87.76
13:40:04,13.85,33.09,0,45.72,0.56,172.51,193.75,3.7,87.59
13:40:09,13.87,33.09,0,45.72,0.55,172.51,192.89,3.71,87.59
13:40:14,13.86,33.09,10.75,45.72,0.55,172.99,191.31,3.71,87.59
13:40:19,13.86,33.16,0,45.76,0.55,172.99,191.92,3.72,87.09
13:40:24,13.87,33.16,0,45.76,0.55,173.09,191.8,3.72,87.09
13:40:29,13.86,33.09,11.26,45.72,0.55,173.09,192.53,3.71,86.4
13:40:34,13.87,33.09,11.47,45.72,0.56,173.09,193.75,3.7,86.4
13:40:39,13.9,33.09,0,45.72,0.56,173.47,195.82,3.7,86.4
13:40:44,13.89,33.09,0,45.72,0.57,173.47,196.92,3.7,85.75
13:40:49,13.86,33.09,0,45.72,0.57,174.05,197.41,3.71,85.75
13:40:54,13.86,33.09,0,45.72,0.57,174.05,199.49,3.72,85.31
13:40:59,13.87,33.09,0,45.72,0.55,174.05,189.11,3.75,85.31
13:41:04,13.91,33.09,0,45.72,0.53,173.41,169.82,12.36,85.54
13:41:09,13.9,33.03,0,45.72,0.5,173.41,160.42,17.42,85.54
13:41:14,13.92,33.03,0,45.72,0.49,169.1,156.02,18.34,85.54
13:41:19,13.93,33.09,0,45.66,0.47,169.1,153.22,18.84,86.34
13:41:24,13.92,33.09,0,45.66,0.45,165.04,147.97,19.19,86.34
13:41:29,13.94,33.16,0,45.66,0.44,164.88,144.3,19.4,87.09
13:41:34,13.96,33.16,0,45.66,0.43,164.88,139.67,19.57,87.09
13:41:39,13.96,33.16,0,45.66,0.42,161.41,138.69,19.66,87.09
13:41:44,13.92,33.09,0,45.66,0.41,161.41,135.76,19.73,87.59
13:41:49,13.9,33.09,11.33,45.66,0.41,159.3,140.28,19.74,87.59
13:41:54,13.9,33.09,10.75,45.59,0.42,159.3,147.48,12.93,87.55
13:41:59,13.91,33.09,0,45.59,0.43,159.3,152.73,8.01,87.55
13:42:04,13.89,33.09,0,45.59,0.45,162.22,157.98,6.53,87.49
13:42:09,13.87,33.09,0,45.59,0.46,162.22,161.27,5.65,87.49
13:42:14,13.87,33.09,11.6,45.59,0.47,165.04,165.79,4.94,87.49
13:42:19,13.86,33.09,10.63,45.49,0.48,165.04,169.21,4.19,87.59
13:42:24,13.86,33.09,0,45.49,0.49,167.51,171.9,3.91,87.59
13:42:29,13.87,33.09,8.05,45.49,0.5,167.51,175.8,3.83,87.76
13:42:34,13.87,33.09,9.34,45.49,0.51,167.51,179.95,3.82,87.76
13:42:39,13.89,33.09,10.44,45.49,0.52,169.75,184.59,3.81,87.76
13:42:44,13.89,33.09,0,45.49,0.54,169.75,188.5,3.81,88.03
13:42:49,13.87,33.09,0,45.49,0.56,171.61,191.67,3.8,88.03
13:42:54,13.87,33.09,8.32,45.49,0.56,171.61,195.95,3.78,88.47
13:42:59,13.85,33.09,0,45.49,0.57,171.61,198.39,3.75,88.47
13:43:04,13.84,33.09,0,45.59,0.58,173.22,200.71,3.72,88.64
13:43:09,13.88,33.09,0,45.59,0.59,173.22,201.44,3.71,88.64
13:43:14,13.9,33.09,0,45.59,0.59,174.37,200.95,3.71,88.64
13:43:19,13.9,33.09,0,45.66,0.57,174.37,183.62,6.8,88.34
13:43:24,13.92,33.09,0,45.66,0.54,171.29,165.3,14.31,88.34
13:43:29,13.9,33.09,0,45.66,0.52,171.29,158.22,17.62,88.47
13:43:34,13.93,33.09,0,45.66,0.5,171.29,154.56,18.61,88.47
13:43:39,13.92,33.09,0,45.66,0.49,166.86,150.78,19.11,88.47
13:43:44,13.94,33.16,0,45.66,0.46,166.86,146.38,19.37,88.47
13:43:49,13.93,33.16,0,45.66,0.45,162.87,141.62,19.54,88.47
13:43:54,13.91,33.28,0,45.59,0.44,162.87,138.81,19.64,88.57
13:43:59,13.91,33.28,0,45.59,0.43,162.87,137.1,19.74,88.57
13:44:04,13.89,33.28,11.07,45.59,0.43,159.8,136.13,19.81,87.99
13:44:09,13.92,33.28,0,45.59,0.43,159.8,140.89,18.8,87.99
13:44:14,13.89,33.28,12.12,45.59,0.44,159.67,145.77,9.9,87.99
13:44:19,13.9,33.16,10,45.66,0.44,159.67,150.65,6.97,87.32
13:44:24,13.87,33.16,0,45.66,0.45,161.87,154.32,5.87,87.32
13:44:29,13.87,33.16,11.02,45.66,0.46,161.87,157.37,5.29,86.46
13:44:34,13.89,33.16,0,45.66,0.47,161.87,159.93,4.58,86.46
13:44:39,13.87,33.16,0,45.66,0.48,164.23,162.86,4.02,86.46
13:44:44,13.86,33.16,10.77,45.66,0.49,164.23,164.82,3.86,85.81
13:44:49,13.86,33.16,8.15,45.66,0.5,166.17,166.89,3.8,85.81
13:44:54,13.87,33.16,10.99,45.66,0.5,166.17,169.21,3.75,85.25
13:44:59,13.87,33.16,0,45.66,0.51,166.17,172.51,3.73,85.25
13:45:04,13.88,33.16,10.91,45.66,0.52,168.03,176.29,3.71,85
13:45:09,13.89,33.16,0,45.59,0.53,168.03,179.34,3.74,85
13:45:14,13.88,33.16,0,45.59,0.54,169.75,182.64,3.73,85
13:45:19,13.87,33.09,0,45.59,0.54,169.75,185.57,3.73,84.87
13:45:24,13.87,33.09,0,45.59,0.55,171.23,188.62,3.75,84.87
13:45:29,13.87,33.09,0,45.59,0.56,171.23,191.55,3.74,84.94
13:45:34,13.86,33.09,0,45.59,0.57,171.23,194.24,3.72,84.94
13:45:39,13.86,33.09,0,45.59,0.58,172.7,196.31,3.72,84.94
13:45:44,13.86,33.09,0,45.49,0.58,172.7,198.39,3.71,85.04
13:45:49,13.86,33.09,0,45.49,0.58,173.8,200.83,3.7,85.04
13:45:54,13.88,33.16,0,45.49,0.59,173.8,201.81,3.71,85.21
13:45:59,13.88,33.16,0,45.49,0.58,173.8,192.77,3.69,85.21
13:46:04,13.89,33.09,0,45.49,0.55,173.74,172.02,11.54,86.04
13:46:09,13.92,33.09,0,45.49,0.53,173.74,161.4,16.91,86.04
13:46:14,13.92,33.09,0,45.49,0.51,169.16,156.15,18.27,86.04
13:46:19,13.91,33.09,0,45.59,0.49,169.16,152.97,18.68,87.49
13:46:24,13.92,33.09,0,45.59,0.48,165.11,148.94,19.12,87.49
13:46:29,13.94,33.16,0,45.43,0.46,165.11,144.55,19.37,88.7
13:46:34,13.94,33.16,0,45.43,0.45,165.11,140.76,19.53,88.7
13:46:39,13.93,33.16,0,45.43,0.43,161.57,138.08,19.63,88.7
13:46:44,13.94,33.16,0,45.49,0.42,161.57,136.61,19.69,89.54
13:46:49,13.88,33.16,10.31,45.49,0.42,159.23,138.44,19.74,89.54
13:46:54,13.89,33.28,10.86,45.59,0.43,159.23,143.21,13.56,89.43
13:46:59,13.91,33.28,9.99,45.59,0.44,159.23,146.99,7.87,89.43
13:47:04,13.89,33.16,9.66,45.59,0.46,161.28,153.58,6.46,88.93
13:47:09,13.88,33.16,0,45.59,0.46,161.28,171.53,5.67,88.93
13:47:14,13.91,33.16,0,45.59,0.46,163.33,181.78,5.1,88.93
13:47:19,13.88,33.16,0,45.66,0.47,163.33,199.49,4.25,88.22
13:47:24,13.88,33.16,0,45.66,0.48,164.5,210.96,3.97,88.22
13:47:29,13.87,33.16,11.33,45.59,0.49,164.5,215.85,3.86,87.76
13:47:34,13.87,33.16,0,45.59,0.5,164.5,218.53,3.8,87.76
13:47:39,13.86,33.16,0,45.59,0.5,165.63,220.49,3.76,87.76
13:47:44,13.86,33.16,10.94,45.59,0.5,165.63,221.83,3.74,87.36
13:47:49,13.89,33.16,0,45.59,0.5,166.67,223.54,3.74,87.36
13:47:54,13.86,33.16,11.38,45.59,0.49,166.67,225.25,3.76,87.22
13:47:59,13.86,33.16,11.5,45.59,0.49,166.67,206.45,3.75,87.22
13:48:04,13.89,33.09,10.85,45.49,0.47,168.28,188.26,3.72,87.09
13:48:09,13.88,33.09,0,45.49,0.46,168.28,185.33,3.71,87.09
13:48:14,13.85,33.09,0,45.49,0.47,170.17,187.4,3.71,87.09
13:48:19,13.89,33.09,12.5,45.49,0.49,170.17,189.48,3.72,87.09
13:48:24,13.87,33.09,0,45.49,0.51,171.86,193.38,3.72,87.09
13:48:29,13.9,33.09,0,45.49,0.53,171.86,196.56,3.72,87.26
13:48:34,13.88,33.09,12.65,45.49,0.56,171.86,199.98,3.72,87.26
13:48:39,13.89,33.09,0,45.49,0.57,173.41,202.05,3.72,87.26
13:48:44,13.87,33.22,0,45.53,0.59,173.41,201.07,3.69,87.59
13:48:49,13.89,33.22,0,45.53,0.57,173.15,180.69,9.55,87.59
13:48:54,13.92,33.16,0,45.66,0.55,173.15,164.2,15.43,88.34
13:48:59,13.91,33.16,0,45.66,0.53,173.15,158.34,17.9,88.34
13:49:04,13.94,33.16,0,45.66,0.51,168.93,154.07,18.6,89.2
13:49:09,13.91,33.16,0,45.66,0.5,168.93,150.9,19.05,89.16
13:49:14,13.92,33.16,0,45.66,0.48,164.98,146.38,19.33,89.16
13:49:19,13.94,33.22,0,45.53,0.47,164.98,142.11,19.5,89.6
13:49:24,13.94,33.22,0,45.53,0.45,161.22,139.18,19.6,89.6
13:49:29,13.94,33.22,0,45.53,0.44,161.22,140.64,19.68,89.87
13:49:34,13.91,33.22,0,45.53,0.43,161.22,144.55,19.75,89.87
13:49:39,13.89,33.22,10.98,45.53,0.45,158.98,151.26,18.34,89.87
13:49:44,13.87,33.22,11.41,45.66,0.45,158.98,154.68,9.65,89.43
13:49:49,13.87,33.22,12.59,45.66,0.46,161.16,158.95,6.95,89.43
13:49:54,13.89,33.22,8.99,45.66,0.47,161.16,162.62,5.96,88.74
13:49:59,13.87,33.22,0,45.66,0.48,161.16,166.16,5.27,88.74
13:50:04,13.89,33.16,11.31,45.66,0.49,163.39,169.7,4.58,88.03
13:50:09,13.89,33.16,10.15,45.66,0.48,163.39,189.23,4.05,87.93
13:50:14,13.86,33.16,0,45.66,0.49,164.33,218.9,3.89,87.93
13:50:19,13.86,33.16,11.53,45.53,0.49,164.33,229.28,3.84,87.42
13:50:24,13.87,33.16,0,45.53,0.49,164.88,233.3,3.81,87.42
13:50:29,13.87,33.16,0,45.49,0.49,164.88,235.38,3.81,87.09
13:50:34,13.87,33.16,10.44,45.49,0.5,164.88,236.48,3.82,87.09
13:50:39,13.87,33.16,0,45.49,0.5,165.4,237.58,3.8,87.09
13:50:44,13.87,33.16,0,45.49,0.5,165.4,241.73,3.79,86.82
13:50:49,13.88,33.16,8.85,45.49,0.5,165.69,250.15,3.77,86.82
13:50:54,13.88,33.16,9.11,45.49,0.5,165.69,253.33,3.77,86.86
13:50:59,13.87,33.16,10.85,45.49,0.5,165.69,255.04,3.74,86.86
13:51:04,13.86,33.16,0,45.49,0.5,165.92,269.32,3.74,86.86
13:51:09,13.86,33.16,0,45.49,0.49,165.92,277.62,3.74,86.86
13:51:14,13.87,33.16,11.78,45.49,0.5,165.34,280.06,3.74,86.86
13:51:19,13.87,33.16,0,45.43,0.5,165.34,279.7,3.75,87.09
13:51:24,13.88,33.16,0,45.43,0.5,165.17,280.19,3.78,87.09
13:51:29,13.89,33.16,0,45.43,0.49,165.17,280.19,3.75,87.32
13:51:34,13.86,33.16,9.16,45.43,0.48,165.17,280.19,3.76,87.32
13:51:39,13.89,33.16,10.25,45.43,0.47,165.04,279.09,3.77,87.32
13:51:44,13.87,33.09,0,45.43,0.46,165.04,277.99,3.75,87.65
13:51:49,13.87,33.09,0,45.43,0.47,164.69,275.79,3.75,87.65
13:51:54,13.89,33.09,0,45.36,0.47,164.69,272.62,3.75,87.59
13:51:59,13.87,33.09,0,45.36,0.47,164.69,270.91,3.74,87.59
13:52:04,13.87,33.09,0,45.43,0.47,163.81,269.44,3.74,87.22
13:52:09,13.87,33.09,0,45.43,0.46,163.81,268.59,3.73,87.22
13:52:14,13.89,33.09,0,45.43,0.46,163.46,268.1,3.73,87.22
13:52:19,13.89,33.09,0,45.36,0.45,163.46,267.73,3.73,86.76
13:52:24,13.88,33.09,0,45.36,0.45,163.39,267.37,3.72,86.76
13:52:29,13.86,33.09,0,45.32,0.46,163.39,267.24,3.72,86.4
13:52:34,13.89,33.09,0,45.32,0.47,163.39,267.85,3.71,86.4
13:52:39,13.88,33.09,11.19,45.32,0.48,163.56,268.59,3.72,86.4
13:52:44,13.86,33.16,0,45.36,0.48,163.56,268.95,3.72,86.21
13:52:49,13.87,33.16,10.23,45.36,0.48,163.75,269.44,3.74,86.21
13:52:54,13.88,33.09,10.22,45.26,0.48,163.75,270.42,3.74,86.17
13:52:59,13.87,33.09,0,45.26,0.48,163.75,271.27,3.74,86.17
13:53:04,13.86,33.09,0,45.32,0.49,164.04,272.37,3.72,86.21
13:53:09,13.87,33.09,0,45.32,0.49,164.04,272.13,3.73,86.21
13:53:14,13.87,33.09,0,45.32,0.48,164.27,272.37,3.72,86.21
13:53:19,13.88,33.09,0,45.26,0.48,164.27,270.42,3.71,86.27
13:53:24,13.88,33.09,9.43,45.26,0.48,163.87,269.44,3.72,86.27
13:53:29,13.87,33.16,10.42,45.32,0.49,163.87,267.49,3.72,86.11
13:53:34,13.89,33.16,0,45.32,0.49,163.87,266.51,3.72,86.11
13:53:39,13.89,33.16,0,45.32,0.49,163.33,265.41,3.69,86.11
13:53:44,13.87,33.16,0,45.32,0.48,163.33,264.56,3.69,85.75
13:53:49,13.87,33.16,0,45.32,0.48,163.29,264.07,3.7,85.75
13:53:54,13.86,33.16,0,45.32,0.48,163.29,264.07,3.69,85.38
13:53:59,13.87,33.16,0,45.32,0.48,163.29,264.8,3.66,85.38
13:54:04,13.86,33.16,0,45.26,0.48,163.39,266.02,3.66,85.21
13:54:09,13.86,33.16,0,45.26,0.48,163.39,266.27,3.66,85.21
13:54:14,13.87,33.16,0,45.26,0.48,163.62,267.61,3.67,85.21
13:54:19,13.87,33.16,0,45.26,0.49,163.62,268.1,3.67,85.15
13:54:24,13.86,33.16,0,45.26,0.49,163.94,268.71,3.67,85.15
13:54:29,13.87,33.09,10.91,45.22,0.49,163.94,269.69,3.66,85.15
13:54:34,13.87,33.09,0,45.22,0.49,163.94,270.05,3.64,85.15
13:54:39,13.87,33.09,0,45.22,0.49,164.04,268.59,3.63,85.15
13:54:44,13.87,33.09,0,45.26,0.49,164.04,267,3.63,85.21
13:54:49,13.86,33.09,8.53,45.26,0.49,163.56,264.56,3.62,85.21
13:54:54,13.86,33.16,0,45.26,0.49,163.56,262.85,3.63,84.94
13:54:59,13.87,33.16,0,45.26,0.48,163.56,262.48,3.61,84.94
13:55:04,13.89,33.16,0,45.32,0.48,163.16,261.14,3.62,84.62
13:55:09,13.87,33.16,0,45.26,0.48,163.16,261.26,3.62,84.62
13:55:14,13.87,33.16,0,45.26,0.48,163.1,261.99,3.63,84.62
13:55:19,13.89,33.16,0,45.26,0.48,163.1,262.48,3.66,84.39
13:55:24,13.89,33.16,0,45.26,0.49,163.33,262.97,3.65,84.39
13:55:29,13.87,33.16,0,45.26,0.49,163.33,263.7,3.67,84.23
13:55:34,13.9,33.16,0,45.26,0.48,163.33,264.8,3.67,84.23
13:55:39,13.86,33.16,0,45.26,0.49,163.56,266.15,3.66,84.23
13:55:44,13.87,33.16,0,45.26,0.49,163.56,267,3.64,84.23
13:55:49,13.87,33.16,0,45.26,0.49,163.81,266.76,3.64,84.23
13:55:54,13.89,33.22,0,45.26,0.49,163.81,266.88,3.64,84.33
13:55:59,13.88,33.22,0,45.26,0.49,163.81,265.54,3.64,84.33
13:56:04,13.89,33.22,0,45.26,0.48,163.56,262.97,3.64,84.23
13:56:09,13.87,33.22,0,45.26,0.48,163.56,261.51,3.63,84.23
13:56:14,13.86,33.22,0,45.26,0.48,163.1,261.26,3.63,84.23
13:56:19,13.87,33.16,0,45.26,0.48,163.1,260.53,3.63,84
13:56:24,13.86,33.16,0,45.26,0.49,162.93,260.41,3.64,84
13:56:29,13.88,33.16,0,45.26,0.48,162.93,260.29,3.64,83.62
13:56:34,13.89,33.16,0,45.26,0.48,162.93,261.02,3.63,83.62
13:56:39,13.87,33.16,0,45.26,0.49,163.04,261.75,3.63,83.62
13:56:44,13.87,33.09,0,45.26,0.48,163.04,262.61,3.63,83.51
13:56:49,13.88,33.09,0,45.26,0.49,163.23,263.83,3.64,83.51
13:56:54,13.9,33.16,0,45.26,0.48,163.23,265.05,3.63,83.51
13:56:59,13.88,33.16,0,45.26,0.49,163.23,265.05,3.63,83.51
13:57:04,13.86,33.16,0,45.26,0.49,163.56,265.9,3.63,83.58
13:57:09,13.88,33.16,0,45.26,0.49,163.56,267,3.64,83.58
13:57:14,13.87,33.16,0,45.26,0.49,163.81,266.39,3.61,83.58
13:57:19,13.87,33.16,0,45.26,0.49,163.81,265.41,3.63,83.68
13:57:24,13.9,33.16,0,45.26,0.49,163.46,263.7,3.63,83.68
13:57:29,13.87,33.16,0,45.26,0.48,163.46,261.99,3.64,83.68
13:57:34,13.89,33.16,0,45.26,0.49,163.46,260.9,3.64,83.68
13:57:39,13.87,33.16,0,45.26,0.44,163.1,260.9,3.64,83.68
13:57:44,13.86,33.09,0,45.26,0.44,163.1,260.77,3.64,83.39
13:57:49,13.87,33.09,0,45.26,0.44,163.04,261.26,3.63,83.39
13:57:54,13.87,33.09,10.59,45.32,0.45,163.04,261.51,3.62,83.28
13:57:59,13.86,33.09,0,45.32,0.45,163.04,262.12,3.59,83.28
13:58:04,13.86,33.09,0,45.26,0.46,163.16,262.61,3.59,83.22
13:58:09,13.86,33.09,0,45.26,0.47,163.16,264.19,3.58,83.22
13:58:14,13.87,33.09,0,45.26,0.49,163.39,264.8,3.56,83.22
13:58:19,13.88,33.09,0,45.26,0.49,163.39,265.78,3.58,83.28
13:58:24,13.87,33.09,10.05,45.26,0.49,163.62,267,3.59,83.28
13:58:29,13.88,33.09,0,45.26,0.49,163.62,266.63,3.6,83.39
13:58:34,13.87,33.09,0,45.26,0.49,163.62,265.66,3.63,83.39
13:58:39,13.89,33.09,9.37,45.26,0.49,163.46,263.95,3.64,83.39
13:58:44,13.87,33.16,0,45.26,0.49,163.46,262.61,3.64,83.39
13:58:49,13.86,33.16,0,45.26,0.48,162.87,262.36,3.64,83.39
13:58:54,13.86,33.16,0,45.26,0.49,162.87,261.75,3.65,83.22
13:58:59,13.85,33.16,0,45.26,0.48,162.87,261.38,3.65,83.22
13:59:04,13.86,33.09,0,45.26,0.48,162.64,261.99,3.64,83.03
13:59:09,13.87,33.09,0,45.26,0.48,162.64,262.24,3.65,82.99
13:59:14,13.87,33.09,0,45.26,0.47,162.68,263.22,3.66,82.99
13:59:19,13.87,33.09,0,45.26,0.48,162.68,264.19,3.65,82.93
13:59:24,13.87,33.09,0,45.26,0.48,162.81,265.17,3.67,82.93
13:59:29,13.88,33.16,0,45.32,0.48,162.81,265.17,3.66,82.99
13:59:34,13.88,33.16,0,45.32,0.48,162.81,266.51,3.66,82.99
13:59:39,13.87,33.16,0,45.32,0.49,163.1,266.88,3.69,82.99
13:59:44,13.89,33.16,0,45.32,0.47,163.1,266.15,3.69,83.1
13:59:49,13.86,33.16,8.41,45.32,0.42,162.81,263.7,3.67,83.1
13:59:54,13.87,33.16,0,45.32,0.43,162.81,262.12,3.66,83.1
13:59:59,13.88,33.16,8.18,45.32,0.44,162.81,261.02,3.68,83.1
14:00:04,13.89,33.16,0,45.36,0.44,162.35,260.29,3.67,82.87
14:00:09,13.89,33.16,0,45.36,0.45,162.35,260.41,3.67,82.87
14:00:14,13.87,33.16,0,45.36,0.46,162.22,260.9,3.67,82.87
14:00:19,13.87,33.09,0,45.36,0.47,162.22,261.26,3.66,82.7
14:00:24,13.87,33.09,0,45.36,0.47,162.28,261.87,3.66,82.7
14:00:29,13.87,33.09,0,45.36,0.47,162.28,262.12,3.67,82.66
14:00:34,13.87,33.09,0,45.36,0.45,162.28,263.58,3.68,82.66
14:00:39,13.87,33.09,0,45.36,0.41,162.51,264.31,3.7,82.66
14:00:44,13.89,33.09,0,45.32,0.42,162.51,265.17,3.72,82.7
14:00:49,13.87,33.09,0,45.32,0.43,162.74,266.27,3.72,82.7
14:00:54,13.88,33.09,0,45.32,0.44,162.74,267.24,3.71,82.87
14:00:59,13.89,33.09,0,45.32,0.44,162.74,265.29,3.71,82.87
14:01:04,13.86,33.09,0,45.32,0.44,162.74,263.95,3.7,82.93
14:01:09,13.86,33.09,0,45.32,0.44,162.74,262.12,3.7,82.93
14:01:14,13.86,33.09,0,45.32,0.43,162.22,260.9,3.7,82.93
14:01:19,13.89,33.09,0,45.36,0.41,162.22,260.41,3.69,82.76
14:01:24,13.86,33.09,0,45.36,0.4,161.99,259.68,3.66,82.76
14:01:29,13.88,33.09,0,45.36,0.4,162.03,260.04,3.67,82.66
14:01:34,13.89,33.09,0,45.36,0.4,162.03,260.77,3.69,82.66
14:01:39,13.89,33.09,0,45.36,0.39,162.03,260.65,3.71,82.66
14:01:44,13.86,33.09,0,45.32,0.4,162.03,261.14,3.72,82.53
14:01:49,13.86,33.09,0,45.32,0.4,162.22,261.63,3.72,82.53
14:01:54,13.87,33.09,0,45.32,0.4,162.22,262.61,3.74,82.53
14:01:59,13.87,33.09,0,45.32,0.4,162.22,264.19,3.75,82.53
14:02:04,13.89,33.09,10.3,45.32,0.41,162.41,265.05,3.75,82.66
14:02:09,13.88,33.09,9.78,45.32,0.39,162.41,264.68,3.73,82.66
14:02:14,13.86,33.09,0,45.32,0.4,162.51,263.83,3.72,82.66
14:02:19,13.86,33.03,0,45.32,0.4,162.51,261.99,3.72,82.76
14:02:24,13.87,33.03,0,45.32,0.4,162.16,261.26,3.74,82.76
14:02:29,13.89,33.09,0,45.32,0.4,162.16,260.16,3.74,82.66
14:02:34,13.86,33.09,0,45.32,0.4,162.16,260.65,3.74,82.66
14:02:39,13.88,33.09,0,45.32,0.4,161.99,260.9,3.72,82.66
14:02:44,13.87,33.03,0,45.32,0.41,161.99,260.53,3.71,82.53
14:02:49,13.89,33.03,0,45.32,0.4,162.03,261.14,3.66,82.53
14:02:54,13.87,33.03,8.16,45.32,0.41,162.03,261.51,3.64,82.43
14:02:59,13.89,33.03,0,45.32,0.41,162.03,262.61,3.62,82.43
14:03:04,13.87,33.03,0,45.32,0.41,162.22,263.83,3.63,82.43
14:03:09,13.87,33.03,0,45.32,0.41,162.22,264.31,3.64,82.43
14:03:14,13.88,33.03,0,45.32,0.41,162.45,264.68,3.64,82.43
14:03:19,13.88,33.03,0,45.32,0.41,162.45,263.7,3.67,82.6
14:03:24,13.87,33.03,0,45.32,0.4,162.35,262.61,3.65,82.6
14:03:29,13.87,33.03,0,45.36,0.4,162.35,260.53,3.64,82.66
14:03:34,13.89,33.03,0,45.36,0.4,162.35,258.7,3.67,82.66
14:03:39,13.88,33.03,0,45.36,0.4,161.8,256.87,3.67,82.66
14:03:44,13.87,33.03,0,45.43,0.4,161.8,256.87,3.67,82.37
14:03:49,13.86,33.03,0,45.43,0.4,161.47,257.23,3.69,82.37
14:03:54,13.87,33.03,0,45.43,0.39,161.47,257.11,3.69,82.22
14:03:59,13.87,33.03,0,45.43,0.39,161.47,258.09,3.69,82.22
14:04:04,13.87,33.03,0,45.49,0.4,161.57,258.21,3.69,82.09
14:04:09,13.87,33.03,0,45.49,0.4,161.57,258.94,3.69,82.09
14:04:14,13.87,33.03,0,45.49,0.4,161.8,259.31,3.69,82.09
14:04:19,13.87,33.03,0,45.49,0.4,161.8,260.41,3.67,82.09
14:04:24,13.86,33.03,0,45.49,0.4,162.03,261.87,3.66,82.09
14:04:29,13.86,33.03,0,45.49,0.39,162.03,262.48,3.66,82.22
14:04:34,13.86,33.03,0,45.49,0.4,162.03,264.31,3.67,82.22
14:04:39,13.88,33.03,0,45.49,0.4,162.41,265.05,3.68,82.22
14:04:44,13.86,33.03,0,45.49,0.4,162.41,264.31,3.66,82.43
14:04:49,13.87,33.03,0,45.49,0.4,162.41,262.61,3.65,82.43
14:04:54,13.87,33.03,0,45.49,0.39,162.41,260.29,3.66,82.66
14:04:59,13.86,33.03,0,45.49,0.39,162.41,258.21,3.66,82.66
14:05:04,13.89,33.03,0,45.53,0.39,161.87,258.21,3.66,82.43
14:05:09,13.86,33.03,10.13,45.53,0.39,161.87,258.09,3.67,82.43
14:05:14,13.87,33.03,0,45.53,0.39,161.57,257.72,3.66,82.43
14:05:19,13.88,33.09,0,45.49,0.39,161.57,258.82,3.66,82.26
14:05:24,13.86,33.09,0,45.49,0.39,161.64,258.82,3.65,82.26
14:05:29,13.86,33.03,0,45.49,0.39,161.64,259.19,3.64,82.22
14:05:34,13.88,33.03,0,45.49,0.39,161.64,260.16,3.67,82.22
14:05:39,13.91,33.03,0,45.49,0.39,161.87,261.14,3.7,82.22
14:05:44,13.86,33.09,0,45.53,0.39,161.87,261.51,3.72,82.26
14:05:49,13.88,33.09,0,45.53,0.38,162.16,262.12,3.71,82.26
14:05:54,13.86,33.03,0,45.49,0.39,162.16,262.48,3.71,82.32
14:05:59,13.88,33.03,0,45.49,0.38,162.16,261.99,3.71,82.32
14:06:04,13.87,33.09,0,45.59,0.38,162.16,259.8,3.72,82.49
14:06:09,13.87,33.09,0,45.59,0.37,162.16,258.33,3.72,82.49
14:06:14,13.87,33.09,0,45.59,0.38,161.64,257.36,3.72,82.49
14:06:19,13.84,33.03,0,45.59,0.37,161.64,257.11,3.72,82.32
14:06:24,13.88,33.03,0,45.59,0.37,161.47,257.84,3.71,82.32
14:06:29,13.86,33.03,0,45.53,0.37,161.47,258.09,3.72,82.16
14:06:34,13.86,33.03,0,45.53,0.38,161.47,257.84,3.69,82.16
14:06:39,13.88,33.03,0,45.53,0.39,161.51,258.82,3.69,82.16
14:06:44,13.88,33.03,0,45.53,0.39,161.51,258.82,3.71,82.09
14:06:49,13.89,33.03,0,45.53,0.41,161.74,259.8,3.7,82.09
14:06:54,13.86,33.03,0,45.53,0.41,161.74,261.02,3.71,82.09
14:06:59,13.87,33.03,0,45.53,0.41,161.74,261.51,3.69,82.09
14:07:04,13.87,33.03,0,45.53,0.41,162.1,263.46,3.69,82.26
14:07:09,13.87,33.03,0,45.53,0.4,162.1,305.09,3.67,82.26
14:07:14,13.89,33.03,0,45.53,0.4,160.21,333.78,3.66,82.26
14:07:19,13.84,32.99,0,45.53,0.4,160.21,337.2,3.66,82.43
14:07:24,13.86,32.99,0,45.53,0.4,157.62,332.56,3.67,82.43
14:07:29,13.87,32.99,0,45.53,0.4,157.62,328.41,3.68,82.37
14:07:34,13.89,32.99,0,45.53,0.4,157.62,326.09,3.69,82.37
14:07:39,13.86,32.99,0,45.53,0.4,156.16,325.36,3.66,82.37
14:07:44,13.88,33.03,0,45.66,0.41,156.16,324.99,3.67,82.22
14:07:49,13.87,33.03,0,45.66,0.4,155.34,324.14,3.66,82.22
14:07:54,13.87,32.99,0,45.66,0.41,155.34,321.69,3.67,81.99
14:07:59,13.88,32.99,0,45.66,0.4,155.34,320.47,3.67,81.99
14:08:04,13.89,32.99,0,45.66,0.4,154.63,318.28,3.67,81.93
14:08:09,13.89,32.99,0,45.66,0.4,154.63,315.59,3.67,81.93
14:08:14,13.87,32.99,0,45.66,0.39,153.76,311.56,3.71,81.93
14:08:19,13.87,32.99,0,45.82,0.39,153.76,324.99,3.72,81.76
14:08:24,13.88,32.99,10.81,45.82,0.36,147.4,333.9,3.71,81.76
14:08:29,13.86,32.99,0,45.99,0.36,147.4,339.15,3.7,81.4
14:08:34,13.87,32.99,9.71,45.99,0.36,147.4,361.25,3.67,81.4
14:08:39,13.86,32.99,12.05,45.99,0.36,145.29,371.87,3.69,81.4
14:08:44,13.86,32.99,17.81,45.99,0.35,145.29,377.85,3.78,81.15
14:08:49,13.83,32.99,21.31,45.99,0.36,146.56,383.23,4,81.15
14:08:54,13.83,32.86,24.11,46.03,0.36,146.56,386.64,4.11,82.37
14:08:59,13.83,32.86,23.2,46.03,0.36,146.56,387.25,4.08,82.37
14:09:04,13.86,32.86,21.57,46.1,0.37,146.98,390.31,3.89,83.68
14:09:09,13.83,32.86,21.73,46.1,0.37,146.98,395.07,3.8,83.74
14:09:14,13.83,32.86,21.36,46.1,0.37,148.47,392.26,3.76,83.74
14:09:19,13.83,32.8,20.56,46.22,0.38,148.47,391.53,3.75,84.87
14:09:24,13.81,32.8,21.11,46.22,0.38,149.7,391.28,3.76,84.87
14:09:29,13.82,32.76,20.82,46.22,0.38,149.7,390.79,3.77,86.04
14:09:34,13.84,32.76,21.25,46.22,0.39,149.7,391.16,3.8,86.04
14:09:39,13.83,32.76,21.26,46.22,0.39,150.22,392.5,3.82,86.04
14:09:44,13.83,32.7,20.01,46.22,0.39,150.22,394.95,3.86,87.36
14:09:49,13.82,32.7,20.2,46.22,0.39,150.81,397.51,3.86,87.36
14:09:54,13.83,32.7,21.03,46.28,0.38,150.81,395.92,3.86,88.7
14:09:59,13.83,32.7,18.98,46.28,0.37,150.81,407.4,3.85,88.7
14:10:04,13.83,32.63,20.84,46.45,0.37,149.41,407.52,3.83,89.64
14:10:09,13.82,32.63,21.68,46.45,0.37,149.41,414.48,3.82,89.7
14:10:14,13.84,32.63,23.86,46.45,0.38,148.99,428.15,3.83,89.7
14:10:19,13.83,32.63,19.51,46.45,0.38,148.99,435.48,3.84,90.33
14:10:24,13.84,32.63,22.03,46.45,0.39,150.35,440.36,3.87,90.33
14:10:29,13.84,32.63,20.77,46.41,0.39,150.35,434.87,3.88,91
14:10:34,13.83,32.63,21.55,46.41,0.39,150.35,430.59,3.86,91
14:10:39,13.83,32.63,19.13,46.41,0.4,151.29,429.5,3.86,91
14:10:44,13.84,32.57,18.2,46.45,0.4,151.29,425.22,3.86,91.75
14:10:49,13.84,32.57,20.99,46.45,0.39,151.1,421.93,3.86,91.75
14:10:54,13.83,32.57,19.47,46.51,0.38,151.1,429.25,3.86,92.5
14:10:59,13.83,32.57,20.56,46.51,0.38,151.1,429.25,3.86,92.5
14:11:04,13.83,32.57,20.62,46.68,0.38,149.7,422.17,3.86,92.98
14:11:09,13.84,32.57,20.13,46.68,0.38,149.7,429.86,3.88,92.98
14:11:14,13.83,32.57,20.41,46.68,0.39,149.87,444.27,3.87,92.98
14:11:19,13.83,32.57,18.74,46.87,0.39,149.87,450.74,3.86,93.26
14:11:24,13.84,32.57,21.16,46.87,0.4,151.39,443.9,3.86,93.26
14:11:29,13.83,32.51,19.82,46.99,0.4,151.46,440.97,3.86,93.59
14:11:34,13.84,32.51,18.84,46.99,0.39,151.46,437.31,3.86,93.59
14:11:39,13.82,32.51,19.75,46.99,0.39,152.1,434.14,3.87,93.59
14:11:44,13.81,32.51,18.59,47.04,0.39,152.1,432.18,3.86,94.16
14:11:49,13.82,32.51,16.84,47.04,0.4,152.29,427.42,3.87,94.16
14:11:54,13.84,32.51,21.68,47.16,0.39,152.29,428.4,3.85,94.99
14:11:59,13.84,32.51,22.05,47.16,0.39,152.29,436.58,3.85,94.99
14:12:04,13.84,32.47,18.98,47.58,0.96,150.81,450.62,3.86,95.35
14:12:09,13.86,32.47,19.63,47.58,0.82,150.81,478.7,3.86,95.35
14:12:14,13.84,32.47,21.11,47.58,0.7,144.03,491.88,3.85,95.35
14:12:19,13.83,32.51,19.51,47.93,0.65,144.03,499.94,3.85,95.41
14:12:24,13.83,32.51,20.43,47.93,0.66,145.69,499.94,3.85,95.41
14:12:29,13.86,32.47,21.04,48.1,0.67,145.94,499.94,3.85,95.51
14:12:34,13.85,32.47,20.79,48.1,0.67,145.94,499.94,3.86,95.51
14:12:39,13.86,32.47,22.82,48.1,0.67,146.81,495.06,3.86,95.51
14:12:44,13.85,32.47,21.86,48.14,0.65,146.81,478.33,3.86,95.81
14:12:49,13.84,32.47,20.01,48.14,0.63,145.04,481.5,3.85,95.81
14:12:54,13.83,32.47,20.28,48.5,0.62,145.04,479.67,3.83,96.04
14:12:59,13.83,32.47,20.81,48.5,0.6,145.04,482.6,3.83,96.04
14:13:04,13.83,32.4,20.57,48.65,0.61,143.57,493.22,3.82,96.1
14:13:09,13.84,32.4,21.34,48.65,0.63,143.57,489.81,3.84,96.1
14:13:14,13.82,32.4,18.84,48.65,0.64,144.75,489.93,3.85,96.1
14:13:19,13.86,32.4,18.7,48.71,0.65,144.75,486.63,3.85,96.2
14:13:24,13.83,32.4,21.24,48.71,0.65,145.33,485.41,3.85,96.2
14:13:29,13.81,32.4,21.82,48.94,0.63,145.33,479.67,3.82,96.6
14:13:34,13.83,32.4,20.55,48.94,0.61,145.33,464.9,3.81,96.6
14:13:39,13.83,32.4,19.13,48.94,0.59,143.16,468.2,3.79,96.6
14:13:44,13.83,32.4,21.24,49.17,0.58,143.16,466.85,3.77,96.94
14:13:49,13.82,32.4,20.59,49.17,0.59,141.69,472.47,3.78,96.94
14:13:54,13.83,32.4,20.18,49.27,0.6,141.69,476.86,3.8,97
14:13:59,13.83,32.4,20.58,49.27,0.61,141.69,480.28,3.78,97
14:14:04,13.83,32.4,21.68,49.4,0.61,143.09,479.67,3.75,97.04
14:14:09,13.82,32.4,18.84,49.4,0.63,143.09,478.09,3.75,97.04
14:14:14,13.83,32.4,19.4,49.4,0.63,144.1,475.28,3.75,97.04
14:14:19,13.83,32.34,19.07,49.4,0.62,144.1,471.37,3.75,97.46
14:14:24,13.84,32.34,19.89,49.4,0.61,143.03,461.12,3.76,97.46
14:14:29,13.85,32.34,19.88,49.5,0.59,143.03,452.69,3.76,97.94
14:14:34,13.83,32.34,20.4,49.5,0.59,143.03,458.06,3.76,97.94
14:14:39,13.83,32.34,20.31,49.5,0.58,141.34,460.63,3.74,97.94
14:14:44,13.83,32.34,16.67,49.75,0.59,141.34,463.19,3.71,98.04
14:14:49,13.83,32.34,20.59,49.75,0.61,142.4,467.95,3.71,98.04
14:14:54,13.84,32.34,21.47,49.88,0.61,142.4,471.86,3.71,98.17
14:14:59,13.84,32.34,18.85,49.88,0.61,142.4,471.74,3.74,98.17
14:15:04,13.84,32.34,19.82,49.98,0.62,143.57,468.69,3.77,98.46
14:15:09,13.83,32.34,22.18,49.92,0.62,143.57,464.9,3.79,98.46
14:15:14,13.83,32.34,20.25,49.92,0.6,142.99,455.99,3.79,98.46
14:15:19,13.83,32.34,17.43,50.11,0.59,142.99,447.93,3.78,98.88
14:15:24,13.85,32.34,19.42,50.11,0.59,141.34,445.12,3.76,98.88
14:15:29,13.83,32.21,16.84,50.21,0.58,141.34,452.45,3.73,98.92
14:15:34,13.83,32.21,20.99,50.21,0.6,141.34,462.83,3.72,98.92
14:15:39,13.83,32.21,21.54,50.21,0.57,142.15,469.54,3.69,98.92
14:15:44,13.83,32.21,19.49,50.46,0.58,142.15,470.52,3.68,98.98
14:15:49,13.83,32.21,19.17,50.46,0.59,143.51,469.54,3.66,98.98
14:15:54,13.82,32.28,18,50.57,0.61,143.51,466.12,3.69,99.21
14:15:59,13.82,32.28,18.99,50.57,0.6,143.51,456.96,3.72,99.21
14:16:04,13.83,32.21,21.56,50.69,0.59,142.4,456.23,3.75,99.55
14:16:09,13.83,32.21,17.66,50.69,0.58,142.4,460.99,3.77,99.55
14:16:14,13.82,32.21,20.86,50.69,0.58,141.28,467.71,3.78,99.55
14:16:19,13.83,32.21,20.37,50.86,0.6,141.28,469.54,3.79,99.55
14:16:24,13.83,32.21,19.61,50.86,0.61,142.7,469.42,3.8,99.55
14:16:29,13.83,32.21,20.95,50.86,0.62,142.7,468.93,3.82,99.65
14:16:34,13.83,32.21,18.67,50.86,0.62,142.7,467.34,3.8,99.65
14:16:39,13.84,32.21,19.26,50.86,0.62,143.45,465.76,3.77,99.65
14:16:44,13.83,32.15,19.23,50.92,0.62,143.45,462.21,3.75,99.99
14:16:49,13.82,32.15,19.43,50.92,0.61,143.28,453.3,3.76,99.99
14:16:54,13.84,32.15,22.47,51.05,0.59,143.28,445.86,3.78,100.47
14:16:59,13.84,32.15,20.16,51.05,0.59,143.28,453.67,3.78,100.47
14:17:04,13.83,32.15,19.33,51.09,0.56,141.63,450.86,3.78,100.57
14:17:09,13.84,32.15,20.86,51.09,0.57,141.63,452.33,3.77,100.57
14:17:14,13.86,32.15,19.05,51.09,0.57,141.86,464.53,3.77,100.57
14:17:19,13.83,32.15,18.9,51.15,0.6,141.86,469.3,3.78,100.51
14:17:24,13.83,32.15,19.84,51.15,0.61,143.16,469.54,3.78,100.51
14:17:29,13.83,32.15,19.77,51.15,0.61,143.16,468.07,3.78,100.7
14:17:34,13.81,32.15,18.26,51.15,0.62,143.16,466.61,3.77,100.7
14:17:39,13.82,32.15,18.68,51.15,0.61,143.57,462.7,3.76,100.7
14:17:44,13.83,32.15,18.92,51.15,0.59,143.57,456.11,3.73,101.2
14:17:49,13.83,32.15,21.82,51.15,0.58,142.22,443.66,3.69,101.2
14:17:54,13.84,32.15,17.46,51.43,0.58,142.22,456.35,3.69,101.43
14:17:59,13.82,32.15,18.31,51.43,0.59,142.22,456.84,3.72,101.43
14:18:04,13.82,32.15,21.97,51.59,0.59,141.69,459.53,3.76,101.37
14:18:09,13.85,32.15,20.99,51.59,0.6,141.69,468.93,3.77,101.37
14:18:14,13.86,32.15,18.64,51.59,0.61,142.99,470.39,3.78,101.37
14:18:19,13.83,32.11,18.49,51.66,0.62,142.99,469.3,3.79,101.43
14:18:24,13.84,32.11,20.12,51.66,0.62,143.51,466.12,3.8,101.43
14:18:29,13.83,32.11,17.74,51.72,0.62,143.51,463.19,3.8,101.83
14:18:34,13.84,32.11,17.99,51.72,0.6,143.51,456.6,3.77,101.83
14:18:39,13.84,32.11,21.16,51.72,0.59,142.63,449.4,3.75,101.83
14:18:44,13.82,32.11,19.49,51.93,0.58,142.63,452.2,3.75,102.1
14:18:49,13.84,32.11,19.5,51.93,0.58,141.46,451.47,3.78,102.1
14:18:54,13.82,32.11,19.72,52.22,0.59,141.46,468.44,3.8,102.1
14:18:59,13.84,32.11,20.02,52.22,0.6,141.46,466.37,3.83,102.1
14:19:04,13.83,32.11,21.33,52.22,0.6,142.34,468.93,3.84,101.99
14:19:09,13.84,32.11,20.86,52.22,0.61,142.34,471.49,3.83,101.99
14:19:14,13.83,32.11,19.48,52.22,0.61,143.34,469.66,3.83,101.99
14:19:19,13.83,32.11,20.2,52.35,0.61,143.34,466.85,3.83,102.22
14:19:24,13.82,32.11,18.1,52.35,0.61,143.57,463.68,3.85,102.22
14:19:29,13.86,32.05,17.69,52.35,0.61,143.57,459.28,3.83,102.75
14:19:34,13.83,32.05,17.84,52.35,0.6,143.57,457.09,3.82,102.75
14:19:39,13.84,32.05,17.81,52.35,0.59,142.57,444.88,3.82,102.75
14:19:44,13.84,32.05,22.35,52.64,0.58,142.57,444.27,3.82,103
14:19:49,13.83,32.05,19.32,52.64,0.59,141.76,453.42,3.84,103
14:19:54,13.83,32.05,20.29,52.81,0.59,141.76,459.77,3.83,103
14:19:59,13.84,32.05,17.57,52.81,0.6,141.76,468.93,3.82,103
14:20:04,13.83,32.11,19.2,52.87,0.61,143.03,468.07,3.81,103
14:20:09,13.84,32.11,20.54,52.87,0.62,143.03,468.2,3.78,103
14:20:14,13.83,32.11,20.51,52.87,0.61,143.57,466.37,3.77,103
14:20:19,13.83,32.05,19.07,52.81,0.62,143.57,463.19,3.78,103.33
14:20:24,13.84,32.05,19.11,52.81,0.61,143.45,457.33,3.8,103.33
14:20:29,13.83,32.05,19.54,53.04,0.59,143.22,450.25,3.8,103.69
14:20:34,13.84,32.05,20.54,53.04,0.58,143.22,446.22,3.78,103.69
14:20:39,13.83,32.05,18.51,53.04,0.59,142.05,460.38,3.79,103.69
14:20:44,13.83,32.05,16.47,53.29,0.59,142.05,458.31,3.81,103.63
14:20:49,13.83,32.05,19,53.29,0.59,142.34,466.73,3.81,103.63
14:20:54,13.81,32.05,16.01,53.58,0.6,142.34,469.66,3.8,103.5
14:20:59,13.83,32.05,21.13,53.58,0.61,142.34,470.64,3.79,103.5
14:21:04,13.86,31.98,19.39,53.68,0.61,143.45,469.66,3.76,103.69
14:21:09,13.82,31.98,20.17,53.68,0.61,143.45,466.85,3.75,103.69
14:21:14,13.85,31.98,19.64,53.68,0.61,143.8,464.17,3.74,103.69
14:21:19,13.83,31.98,18.96,53.68,0.61,143.8,455.99,3.73,104.15
14:21:24,13.83,31.98,18.81,53.68,0.6,142.8,451.35,3.77,104.15
14:21:29,13.85,31.92,20.62,53.81,0.58,142.76,448.42,3.79,104.25
14:21:34,13.84,31.92,15.57,53.81,0.58,142.76,455.87,3.74,104.25
14:21:39,13.84,31.92,19.06,53.81,0.58,141.86,459.77,3.65,104.25
14:21:44,13.83,31.92,19.53,53.93,0.59,141.86,459.41,3.61,104.15
14:21:49,13.84,31.92,21.51,53.93,0.6,142.7,463.56,3.66,104.15
14:21:54,13.84,31.92,16.68,53.93,0.61,142.7,470.76,3.72,104.11
14:21:59,13.84,31.92,20.17,53.93,0.61,142.7,472.35,3.74,104.11
14:22:04,13.84,31.98,19.1,53.93,0.62,143.57,470.52,3.71,104.32
14:22:09,13.84,31.98,18.63,53.93,0.61,143.57,462.7,3.67,104.32
14:22:14,13.83,31.98,20.51,53.93,0.6,142.99,456.11,3.67,104.32
14:22:19,13.81,31.92,20.69,54.1,0.59,142.99,446.95,3.68,104.61
14:22:24,13.82,31.92,17.02,54.1,0.58,141.99,461.12,3.71,104.61
14:22:29,13.84,31.92,19.69,54.44,0.59,141.99,462.21,3.73,104.48
14:22:34,13.82,31.92,18.05,54.44,0.6,141.99,471.13,3.73,104.48
14:22:39,13.84,31.92,18.82,54.44,0.61,142.63,473.57,3.75,104.48
14:22:44,13.83,31.92,18.32,54.6,0.61,142.63,473.69,3.74,104.55
14:22:49,13.85,31.92,18.04,54.6,0.62,143.51,473.08,3.77,104.55
14:22:54,13.83,31.92,21.69,54.65,0.62,143.51,469.54,3.78,104.75
14:22:59,13.84,31.92,19.11,54.65,0.61,143.51,459.04,3.81,104.75
14:23:04,13.84,31.88,17.67,54.94,0.6,143.28,455.74,3.8,105.05
14:23:09,13.82,31.88,21.02,54.94,0.59,143.28,456.11,3.8,105.05
14:23:14,13.83,31.88,20.2,54.94,0.59,142.34,461.24,3.79,105.05
14:23:19,13.84,31.88,17.58,55.17,0.6,142.34,469.17,3.78,105.11
14:23:24,13.86,31.88,17.71,55.17,0.61,142.7,472.71,3.77,105.11
14:23:29,13.83,31.92,18.74,55.27,0.61,142.7,472.96,3.72,105.05
14:23:34,13.82,31.92,17.9,55.27,0.62,142.7,474.18,3.71,105.05
14:23:39,13.83,31.92,19.24,55.27,0.62,143.68,470.64,3.72,105.05
14:23:44,13.83,31.92,18.95,55.34,0.61,143.68,466,3.75,105.28
14:23:49,13.83,31.92,19.79,55.34,0.61,143.16,459.53,3.8,105.28
14:23:54,13.83,31.88,20.02,55.57,0.59,143.16,456.11,3.79,105.63
14:23:59,13.84,31.88,20.05,55.57,0.59,143.16,464.17,3.78,105.63
14:24:04,13.84,31.88,18.09,55.88,0.59,142.28,463.44,3.78,105.57
14:24:09,13.83,31.88,18.59,55.88,0.6,142.28,464.53,3.78,105.57
14:24:14,13.82,31.88,20.52,55.88,0.61,142.86,471.98,3.78,105.57
14:24:19,13.84,31.88,19.34,56.05,0.61,142.86,475.03,3.8,105.57
14:24:24,13.82,31.88,18.18,56.05,0.62,143.8,475.28,3.79,105.57
14:24:29,13.84,31.88,18.61,56.05,0.63,143.8,471.74,3.8,105.86
14:24:34,13.83,31.88,19.96,56.05,0.62,143.8,466,3.79,105.86
14:24:39,13.83,31.88,18.14,56.05,0.61,143.51,457.33,3.8,105.86
14:24:44,13.84,31.88,22.14,56.21,0.6,143.51,456.72,3.78,106.22
14:24:49,13.83,31.88,18.26,56.21,0.6,142.34,453.79,3.78,106.22
14:24:54,13.84,31.88,18.68,56.51,0.6,142.34,457.82,3.8,106.22
14:24:59,13.83,31.88,19.29,56.51,0.6,142.34,464.05,3.82,106.22
14:25:04,13.83,31.82,19,56.51,0.61,142.8,473.69,3.81,106.15
14:25:09,13.83,31.82,18.31,56.57,0.63,142.8,476.13,3.79,106.15
14:25:14,13.83,31.82,16.31,56.57,0.62,143.87,473.57,3.77,106.15
14:25:19,13.82,31.82,17.24,56.57,0.62,143.87,471.98,3.76,106.41
14:25:24,13.84,31.82,16.34,56.57,0.63,144.1,468.44,3.77,106.41
14:25:29,13.84,31.82,19.59,56.63,0.63,144.1,464.29,3.77,106.74
14:25:34,13.83,31.82,19.09,56.63,0.62,144.1,460.63,3.76,106.74
14:25:39,13.84,31.82,19.2,56.63,0.61,143.28,452.08,3.74,106.74
14:25:44,13.81,31.88,18.81,56.86,0.6,143.28,451.23,3.71,107.03
14:25:49,13.83,31.88,18.42,56.86,0.61,142.57,458.06,3.68,107.03
14:25:54,13.83,31.82,17.89,57.05,0.62,142.57,468.93,3.65,106.87
14:25:59,13.83,31.82,15.89,57.05,0.62,142.57,472.1,3.69,106.87
14:26:04,13.84,31.82,20.84,57.22,0.63,143.51,476.13,3.73,106.87
14:26:09,13.82,31.82,17.57,57.22,0.63,143.51,475.52,3.76,106.87
14:26:14,13.84,31.82,15.25,57.22,0.64,144.16,472.1,3.76,106.87
14:26:19,13.83,31.82,17.96,57.26,0.64,144.16,467.83,3.75,107.2
14:26:24,13.83,31.82,19.34,57.26,0.62,143.74,455.74,3.75,107.2
14:26:29,13.82,31.82,17.47,57.53,0.62,143.74,453.18,3.75,107.53
14:26:34,13.84,31.82,18.45,57.53,0.6,143.74,442.44,3.77,107.53
14:26:39,13.83,31.82,20.99,57.53,0.62,142.8,454.03,3.76,107.53
14:26:44,13.82,31.82,17.24,57.76,0.62,142.8,464.41,3.75,107.49
14:26:49,13.83,31.82,19.16,57.76,0.63,143.51,473.57,3.74,107.49
14:26:54,13.84,31.82,18.89,58.03,0.64,143.51,477.11,3.74,107.37
14:26:59,13.82,31.82,17.73,58.03,0.64,143.51,476.74,3.73,107.37
14:27:04,13.84,31.82,20.98,57.99,0.65,144.35,473.08,3.74,107.6
14:27:09,13.84,31.82,17.92,57.99,0.65,144.35,468.93,3.78,107.6
14:27:14,13.83,31.82,17.93,57.99,0.64,144.39,463.19,3.8,107.6
14:27:19,13.85,31.82,17.36,58.16,0.63,144.39,457.21,3.8,107.87
14:27:24,13.86,31.82,18.89,58.16,0.62,143.16,450.49,3.76,107.87
14:27:29,13.83,31.82,16.05,58.41,0.62,143.16,460.26,3.71,107.87
14:27:34,13.83,31.82,19.1,58.41,0.62,143.16,467.22,3.67,107.87
14:27:39,13.82,31.82,16.41,58.41,0.63,143.34,475.03,3.67,107.87
14:27:44,13.83,31.75,19.37,58.58,0.8,143.34,473.57,3.68,107.76
14:27:49,13.83,31.75,18.01,58.58,0.8,147.15,448.05,3.68,107.76
14:27:54,13.83,31.63,19.37,58.58,0.77,147.15,468.81,3.71,107.87
14:27:59,13.86,31.63,16.3,58.58,0.74,147.15,474.3,3.69,107.87
14:28:04,13.84,31.75,18.98,58.74,0.69,145.16,466.85,3.69,108.16
14:28:09,13.86,31.75,16.5,58.74,0.65,145.16,456.72,3.66,108.16
14:28:14,13.83,31.75,18.66,58.74,0.62,143.74,444.76,3.66,108.16
14:28:19,13.83,31.63,19.08,58.93,0.61,143.74,467.1,3.67,108.16
14:28:24,13.83,31.63,19.22,58.93,0.61,143.74,474.55,3.7,108.16
14:28:29,13.85,31.63,17.45,58.99,0.63,143.74,482.48,3.74,108.04
14:28:34,13.83,31.63,15.19,58.99,0.64,143.74,486.63,3.74,108.04
14:28:39,13.83,31.63,18.68,58.99,0.64,144.45,484.68,3.74,108.04
14:28:44,13.83,31.75,18.17,59.04,0.64,144.45,479.67,3.73,108.29
14:28:49,13.81,31.75,17.53,59.04,0.62,143.41,462.21,3.72,108.29
14:28:54,13.83,31.75,17.5,59.04,0.61,143.41,456.48,3.74,108.52
14:28:59,13.83,31.75,16.98,59.04,0.61,143.41,473.32,3.75,108.52
14:29:04,13.81,31.63,18.49,58.93,0.61,142.4,482.72,3.74,108.45
14:29:09,13.83,31.63,20.11,58.93,0.61,142.4,487.49,3.73,108.45
14:29:14,13.85,31.63,18.05,58.93,0.63,143.45,487.61,3.74,108.45
14:29:19,13.84,31.75,16.54,58.74,0.64,143.45,487.61,3.76,108.52
14:29:24,13.85,31.75,18.31,58.74,0.64,143.99,485.65,3.77,108.52
14:29:29,13.81,31.63,17.48,58.58,0.64,143.99,482.48,3.77,108.75
14:29:34,13.83,31.63,17.01,58.58,0.63,143.99,475.16,3.73,108.75
14:29:39,13.84,31.63,18.5,58.58,0.63,143.68,464.17,3.7,108.75
14:29:44,13.83,31.63,19.48,58.74,0.62,143.68,445.98,3.68,109.1
14:29:49,13.84,31.63,18.47,58.74,0.63,142.8,450.74,3.69,109.1
14:29:54,13.85,31.63,18.71,59.22,0.62,142.8,471,3.7,109.1
14:29:59,13.83,31.63,21.08,59.22,0.62,142.8,477.72,3.64,109.1
14:30:04,13.85,31.63,19.16,59.58,0.63,143.03,485.53,3.61,109
14:30:09,13.82,31.57,17.53,59.58,0.63,143.03,486.39,3.64,109
14:30:14,13.84,31.57,16.82,59.58,0.63,143.8,484.92,3.66,109
14:30:19,13.83,31.57,17.48,59.68,0.63,143.8,480.41,3.69,109.1
14:30:24,13.84,31.57,16.59,59.68,0.63,143.64,469.17,3.69,109.1
14:30:29,13.84,31.63,18.66,59.87,0.62,143.64,454.16,3.66,109.33
14:30:34,13.84,31.63,17.96,59.87,0.62,143.64,453.42,3.63,109.33
14:30:39,13.84,31.63,14.99,59.87,0.61,142.51,462.83,3.61,109.33
14:30:44,13.83,31.63,18.92,60.1,0.61,142.51,478.94,3.6,109.27
14:30:49,13.82,31.63,19.32,60.1,0.62,143.09,483.58,3.61,109.27
14:30:54,13.81,31.63,17.52,60.21,0.63,143.09,486.63,3.64,109.23
14:30:59,13.83,31.63,15.31,60.21,0.64,143.09,484.8,3.64,109.23
14:31:04,13.83,31.57,17.55,60.21,0.64,143.93,483.21,3.61,109.4
14:31:09,13.83,31.63,17.07,60.21,0.63,143.93,478.45,3.61,109.4
14:31:14,13.81,31.63,19.4,60.21,0.63,143.93,464.66,3.63,109.4
14:31:19,13.83,31.63,20.6,60.37,0.62,143.93,455.87,3.64,109.69
14:31:24,13.84,31.63,19.33,60.37,0.62,142.76,451.1,3.66,109.69
14:31:29,13.84,31.57,17.49,60.6,0.62,142.63,469.17,3.67,109.63
14:31:34,13.83,31.57,15.53,60.6,0.62,142.63,470.76,3.7,109.63
14:31:39,13.84,31.57,17.67,60.6,0.61,143.09,476.38,3.71,109.63
14:31:44,13.83,31.5,16.05,60.71,0.63,143.09,480.41,3.72,109.46
14:31:49,13.83,31.5,15.83,60.71,0.63,143.93,484.07,3.71,109.46
14:31:54,13.82,31.5,18.37,60.75,0.64,143.93,480.16,3.71,109.69
14:31:59,13.86,31.5,18.99,60.75,0.63,143.93,469.78,3.72,109.69
14:32:04,13.83,31.5,17.18,61.04,0.63,143.45,463.56,3.75,109.98
14:32:09,13.84,31.5,18.55,61.04,0.62,143.45,463.31,3.75,109.98
14:32:14,13.83,31.5,18.42,61.04,0.61,142.51,456.11,3.72,109.98
14:32:19,13.83,31.5,16.5,61.33,0.62,142.51,464.05,3.71,109.81
14:32:24,13.84,31.5,17.18,61.33,0.61,143.28,473.57,3.73,109.81
14:32:29,13.82,31.46,18.44,61.5,0.63,143.28,481.14,3.74,109.81
14:32:34,13.86,31.46,16.57,61.5,0.63,143.28,483.82,3.73,109.81
14:32:39,13.84,31.46,16.82,61.5,0.63,143.87,480.89,3.73,109.81
14:32:44,13.84,31.5,15.57,61.5,0.64,143.87,479.31,3.73,110.04
14:32:49,13.83,31.5,18.96,61.5,0.64,144.1,477.23,3.74,110.04
14:32:54,13.83,31.5,17.67,61.5,0.63,144.1,466.61,3.74,110.5
14:32:59,13.83,31.5,18.42,61.5,0.73,144.1,429.25,3.74,110.5
14:33:04,13.84,31.5,20.51,61.82,0.73,146.27,434.38,3.72,110.75
14:33:09,13.84,31.5,14.93,61.82,0.71,146.27,463.92,3.71,110.75
14:33:14,13.84,31.5,16.18,61.82,0.68,143.99,476.38,3.72,110.75
14:33:19,13.83,31.46,18.42,61.98,0.68,143.99,480.65,3.71,110.63
14:33:24,13.83,31.46,18.58,61.98,0.67,144.68,480.89,3.74,110.63
14:33:29,13.84,31.46,17.34,62.05,0.66,144.68,479.55,3.72,110.88
14:33:34,13.81,31.46,17.33,62.05,0.65,144.68,473.2,3.74,110.88
14:33:39,13.83,31.46,17.53,62.05,0.64,144.03,465.39,3.75,110.88
14:33:44,13.83,31.46,14.85,62.32,0.64,144.03,459.9,3.77,111.05
14:33:49,13.83,31.46,16.97,62.32,0.62,142.63,466,3.77,111.05
14:33:54,13.83,31.5,15.25,62.65,0.63,142.63,461.97,3.75,110.98
14:33:59,13.84,31.5,16.56,62.65,0.62,142.63,471.25,3.75,110.98
14:34:04,13.83,31.46,18.03,62.86,0.6,143.22,484.19,3.75,110.92
14:34:09,13.83,31.46,14.57,62.86,0.62,143.22,489.2,3.78,110.92
14:34:14,13.84,31.46,17.16,62.86,0.63,144.03,487.49,3.78,110.92
14:34:19,13.83,31.46,18.01,62.92,0.64,144.03,483.21,3.77,111.05
14:34:24,13.83,31.46,18.27,62.92,0.63,143.68,470.52,3.75,111.05
14:34:29,13.81,31.46,19.21,62.99,0.61,143.68,458.31,3.72,111.32
14:34:34,13.83,31.46,16.57,62.99,0.61,143.68,461.24,3.72,111.32
14:34:39,13.83,31.46,17.65,62.99,0.61,142.51,471.74,3.71,111.32
14:34:44,13.82,31.46,17.1,63.22,0.62,142.51,474.3,3.71,111.32
14:34:49,13.84,31.46,16.3,63.22,0.62,142.8,480.89,3.73,111.32
14:34:54,13.83,31.46,18.12,63.4,0.63,142.8,483.7,3.75,111.21
14:34:59,13.84,31.46,18.41,63.4,0.64,142.8,486.27,3.78,111.21
14:35:04,13.84,31.46,15.02,63.4,0.64,143.87,484.68,3.8,111.49
14:35:09,13.83,31.46,16.45,63.47,0.65,143.87,481.75,3.8,111.49
14:35:14,13.85,31.46,16.71,63.47,0.64,143.93,472.84,3.81,111.49
14:35:19,13.84,31.4,17.52,63.51,0.63,143.93,460.51,3.8,111.82
14:35:24,13.83,31.4,18.84,63.51,0.62,142.76,457.45,3.79,111.82
14:35:29,13.82,31.46,19.02,63.8,0.65,142.76,448.91,3.75,111.86
14:35:34,13.83,31.46,17.18,63.8,0.67,142.76,455.62,3.74,111.86
14:35:39,13.84,31.46,17.34,63.8,0.67,143.28,475.52,3.74,111.86
14:35:44,13.82,31.46,16.89,64.09,0.66,143.28,482.36,3.74,111.76
14:35:49,13.83,31.46,16.03,64.09,0.66,143.8,484.43,3.75,111.76
14:35:54,13.84,31.46,17.72,63.93,0.65,143.8,482.48,3.77,111.86
14:35:59,13.83,31.46,17.18,63.93,0.66,143.8,473.81,3.75,111.86
14:36:04,13.84,31.46,14.57,64.16,0.66,144.62,459.41,3.77,112.15
14:36:09,13.83,31.46,18.68,64.16,0.68,144.62,443.29,3.77,112.15
14:36:14,13.83,31.46,17.68,64.16,0.69,145.69,426.08,3.74,112.15
14:36:19,13.86,31.4,16.36,64.49,0.71,145.69,418.63,3.74,112.22
14:36:24,13.83,31.4,16.43,64.49,0.74,147.99,419.73,3.72,112.22
14:36:29,13.83,31.34,16.56,64.7,0.76,147.99,415.21,3.74,112.09
14:36:34,13.83,31.34,18.03,64.7,0.78,147.99,409.84,3.75,112.09
14:36:39,13.83,31.34,14.17,64.7,0.83,150.03,386.89,3.76,112.09
14:36:44,13.84,31.34,17.48,64.83,0.91,150.03,327.92,3.77,112.22
14:36:49,13.82,31.34,17.85,64.83,0.98,156.03,313.27,3.78,112.22
14:36:54,13.85,31.4,16.56,64.76,1.05,156.03,317.42,3.78,112.57
14:36:59,13.82,31.4,16.06,64.76,0.88,156.03,296.06,3.78,112.57
14:37:04,13.84,31.34,18.02,64.83,0.88,160.93,289.71,3.75,113.22
14:37:09,13.86,31.34,13.69,64.83,0.91,160.93,295.69,3.76,113.22
14:37:14,13.85,31.34,0,64.83,0.93,164.88,297.64,3.77,113.22
14:37:19,13.87,31.4,0,64.83,0.94,164.88,293.98,3.77,113.41
14:37:24,13.86,31.4,0,64.83,0.95,165.46,290.68,3.72,113.41
14:37:29,13.89,31.4,0,64.83,0.96,165.46,288.73,3.71,112.57
14:37:34,13.87,31.4,0,64.83,0.96,165.46,286.41,3.67,112.57
14:37:39,13.9,31.4,0,64.83,0.96,166.17,285.19,3.67,112.57
14:37:44,13.87,31.34,0,64.87,0.97,166.17,285.07,3.68,111.99
14:37:49,13.86,31.34,0,64.87,0.98,166.8,285.8,3.67,111.99
14:37:54,13.89,31.4,0,64.83,1,166.8,284.82,3.68,111.55
14:37:59,13.86,31.4,0,64.83,1,166.8,284.21,3.68,111.55
14:38:04,13.89,31.4,0,64.93,1.01,167.34,283.12,3.68,111.05
14:38:09,13.86,31.4,0,64.93,1.01,167.34,281.65,3.64,111.05
14:38:14,13.86,31.4,0,64.93,1.02,167.7,281.77,3.63,111.05
14:38:19,13.88,31.4,0,64.93,1.04,167.7,281.04,3.61,110.27
14:38:24,13.86,31.4,0,64.93,1.04,167.93,280.06,3.62,110.27
14:38:29,13.86,31.4,0,64.93,1.05,167.93,279.82,3.64,109.17
14:38:34,13.86,31.4,0,64.93,1.06,167.93,279.7,3.64,109.17
14:38:39,13.86,31.4,0,64.93,1.06,168.28,280.43,3.6,109.17
14:38:44,13.87,31.4,0,64.87,1.07,168.28,282.14,3.57,108.22
14:38:49,13.88,31.4,0,64.87,1.08,168.64,283.24,3.56,108.22
14:38:54,13.89,31.4,0,64.83,1.09,168.64,284.09,3.58,107.6
14:38:59,13.86,31.4,0,64.83,1.1,168.64,284.58,3.59,107.6
14:39:04,13.88,31.46,0,65.04,1.1,169.04,284.09,3.58,107.16
14:39:09,13.87,31.46,0,65.04,1.1,169.04,282.87,3.58,107.16
14:39:14,13.87,31.46,0,65.04,1.1,169.16,281.53,3.56,107.16
14:39:19,13.88,31.46,0,65.68,1.09,169.16,278.96,3.56,106.51
14:39:24,13.87,31.46,0,65.68,1.09,168.87,276.4,3.58,106.51
14:39:29,13.87,31.4,0,66.1,1.09,168.87,273.72,3.55,105.86
14:39:34,13.88,31.4,0,66.1,1.09,168.87,272.62,3.53,105.86
14:39:39,13.86,31.4,0,66.1,1.09,168.58,272.62,3.53,105.86
14:39:44,13.87,31.4,0,66.27,1.09,168.58,272.49,3.55,104.98
14:39:49,13.89,31.4,0,66.27,1.09,168.58,272.74,3.56,104.98
14:39:54,13.87,31.46,0,66.37,1.09,168.58,273.72,3.56,104.55
14:39:59,13.86,31.46,0,66.37,1.1,168.58,273.84,3.58,104.55
14:40:04,13.89,31.46,0,66.37,1.1,168.74,273.84,3.58,104.21
14:40:09,13.89,31.46,0,66.37,1.12,168.74,275.06,3.59,104.15
14:40:14,13.88,31.46,0,66.37,1.12,169.04,275.91,3.58,104.15
14:40:19,13.88,31.46,0,66.37,1.12,169.04,276.77,3.55,103.98
14:40:24,13.89,31.46,0,66.37,1.13,169.33,278.35,3.55,103.98
14:40:29,13.89,31.46,0,66.37,1.13,169.33,277.99,3.53,103.88
14:40:34,13.87,31.46,0,66.37,1.12,169.33,277.26,3.52,103.88
14:40:39,13.88,31.46,0,66.37,1.13,169.33,275.3,3.53,103.88
14:40:44,13.87,31.46,0,66.54,1.12,169.33,273.35,3.57,103.69
14:40:49,13.88,31.46,0,66.54,1.12,168.93,271.64,3.59,103.69
14:40:54,13.88,31.46,0,66.71,1.12,168.93,270.17,3.58,103.23
14:40:59,13.88,31.46,0,66.71,1.12,168.93,269.93,3.57,103.23
14:41:04,13.9,31.46,0,66.81,1.12,168.68,270.05,3.55,102.87
14:41:09,13.89,31.57,0,66.81,1.11,168.68,270.78,3.52,102.87
14:41:14,13.88,31.57,0,66.81,1.12,168.93,271.88,3.49,102.87
14:41:19,13.87,31.46,0,66.81,1.12,168.93,273.23,3.47,102.56
14:41:24,13.88,31.46,0,66.81,1.13,169.22,274.33,3.47,102.56
14:41:29,13.88,31.57,0,66.81,1.13,169.22,274.81,3.47,102.39
14:41:34,13.89,31.57,0,66.81,1.13,169.22,275.91,3.47,102.39
14:41:39,13.89,31.57,0,66.81,1.14,169.39,276.28,3.49,102.39
14:41:44,13.86,31.57,0,66.94,1.13,169.39,274.81,3.49,102.33
14:41:49,13.88,31.57,0,66.94,1.13,169.22,273.1,3.46,102.33
14:41:54,13.89,31.57,0,66.98,1.13,169.22,271.52,3.42,102.1
14:41:59,13.88,31.57,0,66.98,1.12,169.22,270.54,3.42,102.1
14:42:04,13.87,31.57,0,67.04,1.12,168.99,269.56,3.41,101.76
14:42:09,13.89,31.57,0,67.04,1.06,168.99,269.69,3.42,101.76
14:42:14,13.87,31.57,0,67.04,0.79,169.33,238.07,3.42,101.76
14:42:19,13.86,31.57,0,66.98,0.77,169.33,228.79,3.4,101.49
14:42:24,13.86,31.57,0,66.98,0.77,170.69,227.69,3.41,101.49
14:42:29,13.88,31.57,0,66.94,0.78,170.81,229.64,3.42,101.37
14:42:34,13.87,31.57,0,66.94,0.8,170.81,232.82,3.47,101.37
14:42:39,13.87,31.57,0,66.94,0.81,171.92,235.5,3.49,101.37
14:42:44,13.9,31.57,0,66.81,0.82,171.92,237.94,3.5,101.37
14:42:49,13.87,31.57,0,66.81,0.83,172.86,240.39,3.52,101.37
14:42:54,13.87,31.57,0,66.75,0.84,172.86,242.22,3.52,101.43
14:42:59,13.88,31.57,0,66.75,0.85,172.86,244.41,3.53,101.43
14:43:04,13.88,31.57,0,66.94,0.86,173.57,244.41,3.53,101.43
14:43:09,13.88,31.57,0,66.94,0.85,173.57,243.68,3.5,101.43
14:43:14,13.88,31.57,0,66.94,0.85,173.64,242.09,3.49,101.43
14:43:19,13.87,31.57,0,67.1,0.85,173.64,239.9,3.47,101.26
14:43:24,13.87,31.57,0,67.1,0.85,173.41,238.31,3.48,101.26
14:43:29,13.88,31.63,0,67.21,0.84,173.41,238.43,3.47,101.03
14:43:34,13.87,31.63,0,67.21,0.85,173.41,238.92,3.48,101.03
14:43:39,13.89,31.63,0,67.21,0.85,173.51,240.14,3.49,101.03
14:43:44,13.87,31.57,0,67.21,0.86,173.51,241.12,3.51,100.8
14:43:49,13.87,31.57,0,67.21,0.87,173.99,243.68,3.5,100.8
14:43:54,13.91,31.63,0,67.1,0.88,173.99,245.27,3.47,100.51
14:43:59,13.91,31.63,0,67.1,0.83,173.99,231.11,6.79,100.51
14:44:04,13.91,31.63,0,67.04,0.76,172.76,209.13,14.6,100.99
14:44:09,13.91,31.63,0,67.04,0.7,172.76,185.2,17.7,100.99
14:44:14,13.92,31.63,0,67.04,0.66,168.51,156.88,18.65,100.99
14:44:19,13.94,31.63,0,66.98,0.63,168.51,133.19,19.16,101.7
14:44:24,13.93,31.63,0,66.98,0.6,165.57,127.46,19.42,101.7
14:44:29,13.91,31.75,0,66.98,0.58,165.57,124.16,19.56,102.33
14:44:34,13.94,31.75,0,66.98,0.55,165.57,119.52,19.67,102.33
14:44:39,13.94,31.75,0,66.98,0.53,162.58,117.93,19.75,102.33
14:44:44,13.89,31.82,0,67.1,0.51,162.58,116.59,19.81,102.39
14:44:49,13.9,31.82,0,67.1,0.52,160.4,136.49,19.83,102.39
14:44:54,13.91,31.75,0,67.21,0.52,160.4,167.99,11.17,101.76
14:44:59,13.9,31.75,0,67.21,0.55,160.4,181.54,7.05,101.76
14:45:04,13.9,31.69,0,67.1,0.56,162.35,188.99,6.03,101.26
14:45:09,13.91,31.69,0,67.17,0.57,162.35,194.85,5.26,101.26
14:45:14,13.89,31.69,0,67.17,0.58,164.1,199.61,4.59,101.26
14:45:19,13.9,31.75,0,67.04,0.61,164.1,203.03,3.97,100.87
14:45:24,13.89,31.75,0,67.04,0.62,165.69,206.45,3.83,100.87
14:45:29,13.87,31.82,0,66.98,0.63,165.69,209.01,3.79,100.51
14:45:34,13.88,31.82,0,66.98,0.65,165.69,212.31,3.8,100.51
14:45:39,13.87,31.82,0,66.98,0.66,167.34,214.87,3.78,100.51
14:45:44,13.88,31.82,0,66.81,0.67,167.34,218.78,3.74,100.41
14:45:49,13.87,31.82,0,66.81,0.65,168.58,222.32,3.71,100.41
14:45:54,13.89,31.82,0,66.75,0.6,168.58,212.43,3.7,100.41
14:45:59,13.86,31.82,0,66.75,0.61,168.58,212.43,3.69,100.41
14:46:04,13.87,31.88,0,66.75,0.63,170.23,214.63,3.69,100.47
14:46:09,13.89,31.88,0,66.75,0.64,170.23,217.8,3.68,100.47
14:46:14,13.87,31.88,0,66.75,0.59,171.67,221.1,3.71,100.47
14:46:19,13.87,31.82,0,66.64,0.54,171.67,206.32,3.72,100.7
14:46:24,13.89,31.82,0,66.64,0.55,173.47,204,3.72,100.7
14:46:29,13.89,31.82,0,66.6,0.56,173.47,206.08,3.71,100.87
14:46:34,13.91,31.82,0,66.6,0.56,173.47,201.81,3.69,100.87
14:46:39,13.89,31.82,0,66.6,0.52,173.57,183.13,11.34,100.87
14:46:44,13.91,31.82,0,66.54,0.5,173.57,166.77,16.83,101.53
14:46:49,13.89,31.82,0,66.54,0.47,169.56,154.93,18.22,101.53
14:46:54,13.93,31.82,0,66.44,0.45,169.56,143.21,18.63,102.68
14:46:59,13.94,31.82,0,66.44,0.44,169.56,134.54,19.11,102.68
14:47:04,13.94,31.92,0,66.37,0.42,166.3,123.55,19.37,103.4
14:47:09,13.94,31.92,0,66.37,0.41,166.3,108.29,19.53,103.4
14:47:14,13.94,31.92,0,66.37,0.4,163.75,93.27,19.61,103.4
14:47:19,13.94,31.88,0,66.37,0.39,163.75,89.98,19.68,104.15
14:47:24,13.9,31.88,0,66.37,0.38,161.74,92.3,19.75,104.15
14:47:29,13.87,31.92,0,66.54,0.39,161.74,112.93,18.8,103.63
14:47:34,13.89,31.92,0,66.54,0.41,161.74,134.9,9.42,103.63
14:47:39,13.89,31.92,0,66.54,0.41,163.56,145.28,7.09,103.63
14:47:44,13.87,31.88,0,66.64,0.43,163.56,151.63,6.05,102.87
14:47:49,13.9,31.88,0,66.64,0.43,165.82,157,5.35,102.87
14:47:54,13.88,31.92,0,66.64,0.44,165.82,162.01,4.52,102.16
14:47:59,13.85,31.92,0,66.64,0.45,165.82,165.91,4.03,102.16
14:48:04,13.91,31.88,0,66.6,0.46,167.74,170.55,3.89,101.49
14:48:09,13.87,31.88,0,66.6,0.48,167.74,174.58,3.82,101.49
14:48:14,13.87,31.88,0,66.6,0.49,169.45,178.37,3.77,101.49
14:48:19,13.87,31.88,0,66.54,0.49,169.45,181.91,3.75,101.1
14:48:24,13.88,31.88,0,66.54,0.51,170.98,186.79,3.71,101.1
14:48:29,13.87,31.92,0,66.5,0.51,170.98,189.72,3.71,100.8
14:48:34,13.87,31.92,0,66.5,0.52,170.98,192.41,3.67,100.8
14:48:39,13.88,31.92,0,66.5,0.53,172.4,196.19,3.7,100.8
14:48:44,13.89,31.88,0,66.5,0.54,172.4,199.37,3.7,100.7
14:48:49,13.87,31.88,0,66.5,0.55,173.64,202.05,3.71,100.7
14:48:54,13.87,31.88,0,66.5,0.56,173.64,203.15,3.69,100.7
14:48:59,13.91,31.88,0,66.5,0.56,173.64,202.17,3.67,100.7
14:49:04,13.91,31.92,0,66.44,0.53,174.37,184.47,8.38,100.99
14:49:09,13.91,31.92,0,66.44,0.5,174.37,167.87,15.42,100.99
14:49:14,13.95,31.92,0,66.44,0.47,170.23,155.41,18.01,100.99
14:49:19,13.93,31.92,0,66.37,0.44,170.23,143.33,18.6,101.93
14:49:24,13.93,31.92,0,66.37,0.43,166.61,134.05,19.08,101.93
14:49:29,13.92,31.98,0,66.31,0.41,166.61,119.4,19.32,102.68
14:49:34,13.92,31.98,0,66.31,0.4,166.61,99.87,19.47,102.68
14:49:39,13.92,31.98,0,66.31,0.4,164.04,89.73,19.61,102.68
14:49:44,13.97,31.98,0,66.31,0.38,164.04,90.83,19.69,103.46
14:49:49,13.91,31.98,0,66.31,0.37,161.8,92.05,19.75,103.46
14:49:54,13.89,31.98,0,66.37,0.38,161.8,110.49,19.48,103.27
14:49:59,13.91,31.98,0,66.37,0.39,161.8,132.83,10.57,103.27
14:50:04,13.86,31.98,0,66.44,0.4,162.93,143.94,7.09,102.68
14:50:09,13.88,31.98,0,66.44,0.41,162.93,150.53,5.95,102.68
14:50:14,13.89,31.98,0,66.44,0.42,165.04,155.54,5.24,102.68
14:50:19,13.86,32.05,0,66.5,0.42,165.04,159.81,4.54,102.04
14:50:24,13.9,32.05,0,66.5,0.44,167.09,163.84,4.02,102.04
14:50:29,13.89,31.98,0,66.44,0.45,167.09,167.01,3.84,101.37
14:50:34,13.89,31.98,0,66.44,0.45,167.09,171.41,3.77,101.37
14:50:39,13.89,31.98,0,66.44,0.47,168.93,175.92,3.72,101.37
14:50:44,13.89,31.98,0,66.31,0.49,168.93,180.44,3.7,101.03
14:50:49,13.87,31.98,0,66.31,0.49,170.56,183.98,3.69,101.03
14:50:54,13.86,31.98,0,66.21,0.51,170.56,188.26,3.67,100.8
14:50:59,13.86,31.98,0,66.21,0.52,170.56,192.16,3.65,100.8
14:51:04,13.87,31.98,0,66.14,0.52,172.11,194.97,3.63,100.74
14:51:09,13.86,31.98,0,66.14,0.53,172.11,199.24,3.61,100.74
14:51:14,13.9,31.98,0,66.14,0.54,173.47,201.81,3.64,100.74
14:51:19,13.86,31.98,0,66.14,0.56,173.47,204.49,3.63,100.7
14:51:24,13.9,31.98,0,66.14,0.55,174.18,197.78,3.64,100.7
14:51:29,13.9,31.98,0,66.1,0.51,174.18,179.95,12.41,101.1
14:51:34,13.93,31.98,0,66.1,0.48,174.18,166.16,17.02,101.1
14:51:39,13.94,31.98,0,66.1,0.46,170.33,152.97,18.5,101.1
14:51:44,13.93,32.05,0,66.04,0.44,170.33,142.35,19.06,102.1
14:51:49,13.92,32.05,0,66.04,0.42,166.99,133.93,19.42,102.1
14:51:54,13.92,31.98,0,66,0.4,166.99,121.72,19.59,102.81
14:51:59,13.94,31.98,0,66,0.4,166.99,103.41,19.69,102.81
14:52:04,13.94,32.05,0,66,0.38,164,93.52,19.79,103.69
14:52:09,13.95,32.05,0,66,0.37,164,89.98,19.87,103.69
14:52:14,13.89,32.05,0,66,0.36,161.99,89.73,19.89,103.69
14:52:19,13.87,32.05,0,66.1,0.36,161.99,107.07,19.72,103.4
14:52:24,13.89,32.05,0,66.1,0.37,162.35,132.34,11.12,103.4
14:52:29,13.88,32.05,0,66.27,0.39,162.45,143.94,7.11,102.75
14:52:34,13.89,32.05,0,66.27,0.4,162.45,150.65,5.88,102.75
14:52:39,13.86,32.05,0,66.27,0.4,164.5,155.66,5.28,102.75
14:52:44,13.87,32.05,0,66.27,0.42,164.5,159.69,4.55,102.16
14:52:49,13.86,32.05,0,66.27,0.42,166.61,163.59,3.96,102.16
14:52:54,13.86,32.05,0,66.21,0.44,166.61,167.38,3.8,101.53
14:52:59,13.89,32.05,0,66.21,0.44,166.61,172.02,3.71,101.53
14:53:04,13.87,32.05,0,66.14,0.46,168.51,175.56,3.69,101.2
14:53:09,13.87,32.05,0,66.14,0.47,168.51,179.83,3.66,101.2
14:53:14,13.89,32.05,0,66.14,0.48,170.27,184.23,3.65,101.2
14:53:19,13.86,32.05,0,66.04,0.49,170.27,187.77,3.63,101.03
14:53:24,13.86,32.05,0,66.04,0.51,171.92,192.28,3.63,101.03
14:53:29,13.89,32.05,0,66,0.51,171.92,195.34,3.64,100.99
14:53:34,13.88,32.05,0,66,0.53,171.92,199.37,3.66,100.99
14:53:39,13.86,32.05,0,66,0.54,173.41,203.15,3.67,100.99
14:53:44,13.91,32.05,0,65.93,0.55,173.41,206.08,3.66,101.03
14:53:49,13.88,32.05,0,65.93,0.53,174.18,196.44,4.16,101.03
14:53:54,13.92,32.05,0,65.93,0.5,174.18,177.76,13.19,101.49
14:53:59,13.91,32.05,0,65.93,0.47,174.18,164.2,17.21,101.49
14:54:04,13.9,32.15,0,65.93,0.45,170.17,152,18.31,102.56
14:54:09,13.92,32.15,0,65.93,0.43,170.17,141.62,18.86,102.56
14:54:14,13.91,32.15,0,65.93,0.41,166.74,132.71,19.27,102.56
14:54:19,13.93,32.15,0,65.87,0.4,166.74,119.4,19.45,103.33
14:54:24,13.93,32.15,0,65.87,0.38,164,101.57,19.56,103.33
14:54:29,13.96,32.15,0,65.68,0.36,164,88.39,19.65,104.11
14:54:34,13.93,32.15,0,65.68,0.36,164,91.93,19.75,104.11
14:54:39,13.91,32.15,0,65.68,0.35,161.7,96.45,19.79,104.11
14:54:44,13.89,32.11,0,65.75,0.36,161.7,117.93,17.63,104.04
14:54:49,13.89,32.11,0,65.75,0.37,162.35,134.05,8.93,104.04
14:54:54,13.87,32.15,0,65.87,0.39,162.35,146.99,6.96,103.46
14:54:59,13.89,32.15,0,65.87,0.4,162.35,153.71,5.87,103.46
14:55:04,13.88,32.15,0,66,0.41,164.69,158.71,5.19,102.81
14:55:09,13.86,32.15,0,66,0.42,164.69,162.74,4.41,102.81
14:55:14,13.89,32.15,0,66,0.43,166.99,166.52,4.01,102.81
14:55:19,13.88,32.15,0,65.93,0.44,166.99,170.31,3.86,102.22
14:55:24,13.88,32.15,0,65.93,0.45,168.87,174.46,3.74,102.22
14:55:29,13.87,32.21,0,65.93,0.46,168.87,178.73,3.69,101.83
14:55:34,13.87,32.21,0,65.93,0.48,168.87,183.25,3.62,101.83
14:55:39,13.86,32.21,0,65.93,0.49,170.69,186.79,3.63,101.83
14:55:44,13.87,32.21,0,65.93,0.5,170.69,191.06,3.64,101.6
14:55:49,13.87,32.21,0,65.93,0.51,172.34,195.09,3.67,101.6
14:55:54,13.89,32.15,0,65.81,0.52,172.34,198.75,3.67,101.49
14:55:59,13.89,32.15,0,65.81,0.53,172.34,201.93,3.69,101.49
14:56:04,13.88,32.15,0,65.81,0.55,173.74,204.37,3.69,101.49
14:56:09,13.91,32.15,0,65.81,0.54,173.74,197.17,4.25,101.49
14:56:14,13.91,32.15,0,65.81,0.51,173.09,178.12,12,101.49
14:56:19,13.92,32.21,0,65.68,0.48,173.09,164.2,17.14,102.16
14:56:24,13.92,32.21,0,65.68,0.45,169.16,152.36,18.37,102.16
14:56:29,13.94,32.21,0,65.68,0.43,169.16,142.23,19.01,103.17
14:56:34,13.9,32.21,0,65.68,0.41,169.16,134.05,19.33,103.17
14:56:39,13.94,32.21,0,65.68,0.4,165.75,123.31,19.49,103.17
14:56:44,13.92,32.21,0,65.58,0.39,165.75,106.46,19.62,103.88
14:56:49,13.91,32.21,0,65.58,0.37,163.16,91.56,19.7,103.88
14:56:54,13.94,32.28,0,65.68,0.36,163.16,87.9,19.8,104.25
14:56:59,13.91,32.28,0,65.68,0.35,163.16,88.39,19.84,104.25
14:57:04,13.89,32.28,0,65.87,0.36,160.76,105.73,19.33,103.46
14:57:09,13.89,32.28,0,65.87,0.36,160.76,130.75,10.29,103.46
14:57:14,13.87,32.28,0,65.87,0.37,162.51,141.99,7.15,103.46
14:57:19,13.89,32.28,0,65.93,0.39,162.51,148.94,6.01,102.68
14:57:24,13.89,32.28,0,65.93,0.4,164.81,154.93,5.35,102.68
14:57:29,13.9,32.28,0,65.87,0.41,164.81,158.83,4.67,102.04
14:57:34,13.89,32.28,0,65.87,0.41,164.81,163.11,4.05,102.04
14:57:39,13.89,32.28,0,65.87,0.43,166.86,166.16,3.85,102.04
14:57:44,13.88,32.21,0,65.81,0.45,166.86,170.8,3.75,101.6
14:57:49,13.87,32.21,0,65.81,0.45,168.81,175.44,3.72,101.6
14:57:54,13.89,32.28,0,65.75,0.47,168.81,179.47,3.71,101.33
14:57:59,13.87,32.28,0,65.75,0.48,168.81,183.25,3.68,101.33
14:58:04,13.89,32.28,0,65.75,0.49,170.56,188.01,3.65,101.2
14:58:09,13.85,32.28,0,65.75,0.5,170.56,192.41,3.63,101.16
14:58:14,13.88,32.28,0,65.75,0.52,172.34,195.09,3.63,101.16
14:58:19,13.86,32.21,0,65.68,0.52,172.34,198.27,3.61,101.2
14:58:24,13.88,32.21,0,65.68,0.54,173.74,202.66,3.61,101.2
14:58:29,13.89,32.28,0,65.68,0.55,173.74,205.71,3.61,101.2
14:58:34,13.89,32.28,0,65.68,0.53,173.74,193.51,5.54,101.2
14:58:39,13.91,32.28,0,65.68,0.5,173.15,175.07,13.75,101.2
14:58:44,13.91,32.34,0,65.62,0.47,173.15,162.62,17.85,102.04
14:58:49,13.9,32.34,0,65.62,0.45,169.22,150.9,18.55,102.04
14:58:54,13.92,32.34,0,65.68,0.42,169.22,141.37,19.04,103.1
14:58:59,13.94,32.34,0,65.68,0.4,169.22,134.54,19.37,103.1
14:59:04,13.93,32.34,0,65.62,0.39,165.86,122.09,19.52,103.81
14:59:09,13.95,32.34,0,65.62,0.38,165.86,105.24,19.63,103.81
14:59:14,13.94,32.34,0,65.62,0.37,163.04,92.91,19.73,103.81
14:59:19,13.95,32.4,0,65.58,0.36,163.04,92.17,19.78,104.55
14:59:24,13.94,32.4,0,65.58,0.35,160.7,91.44,19.85,104.55
14:59:29,13.95,32.4,0,65.52,0.35,160.7,91.32,19.88,105.11
14:59:34,13.94,32.4,0,65.52,0.34,160.7,94.74,19.94,105.11
14:59:39,13.96,32.4,0,65.52,0.34,158.23,93.52,20.15,105.11
14:59:44,13.97,32.4,0,65.45,0.32,158.23,95.84,20.22,105.86
14:59:49,13.95,32.4,0,65.45,0.32,155.74,94.86,20.23,105.86
14:59:54,13.96,32.4,0,65.39,0.31,155.74,93.4,20.26,105.86
14:59:59,13.95,32.4,0,65.39,0.3,155.74,87.29,20.27,105.86
15:00:04,13.97,32.34,0,65.29,0.3,153.69,83.87,20.26,105.34
15:00:09,13.97,32.47,0,65.29,0.29,153.69,82.29,20.26,105.28
15:00:14,13.96,32.47,0,65.29,0.28,151.94,82.41,20.26,105.28
15:00:19,13.95,32.47,0,65.22,0.28,151.94,81.31,20.26,104.61
15:00:24,13.94,32.47,0,65.22,0.28,150.22,80.82,20.26,104.61
15:00:29,13.93,32.47,0,65.16,0.27,150.22,81.31,20.24,103.98
15:00:34,13.91,32.47,0,65.16,0.26,150.22,82.16,20.22,103.98
15:00:39,13.9,32.47,0,65.16,0.26,148.7,82.53,20.21,103.98
15:00:44,13.9,32.47,0,65.1,0.26,148.7,83.51,20.2,103.27
15:00:49,13.89,32.47,0,65.1,0.26,147.4,84.12,20.2,103.27
15:00:54,13.87,32.4,0,65.1,0.25,147.4,85.09,20.17,102.75
15:00:59,13.88,32.4,0,65.1,0.24,147.4,85.34,20.17,102.75
15:01:04,13.86,32.47,0,64.99,0.24,146.23,86.56,20.16,102.16
15:01:09,13.86,32.47,0,64.99,0.24,146.23,87.66,20.16,102.16
15:01:14,13.88,32.47,0,64.99,0.24,145.23,87.9,20.14,102.16
15:01:19,13.84,32.47,0,64.93,0.24,145.23,90.1,20.13,101.53
15:01:24,13.83,32.47,0,64.93,0.23,144.1,93.03,20.1,101.53
15:01:29,13.83,32.47,0,64.93,0.23,144.1,104.99,20.1,101.1
15:01:34,13.81,32.47,0,64.93,0.22,144.1,125.87,20.08,101.1
15:01:39,13.81,32.47,0,64.93,0.22,142.63,138.2,20.1,101.1
15:01:44,13.79,32.47,0,64.83,0.21,142.63,143.82,20.07,100.64
15:01:49,13.8,32.47,0,64.83,0.21,141.28,147.23,20.06,100.64
15:01:54,13.77,32.51,0,64.76,0.21,141.28,149.19,20.06,100.22
15:01:59,13.76,32.51,0,64.76,0.21,141.28,150.9,20.06,100.22
15:02:04,13.76,32.51,0,64.7,0.21,139.87,152,20.06,99.86
15:02:09,13.76,32.51,0,64.7,0.2,139.87,151.87,20.06,99.86
15:02:14,13.78,32.51,0,64.7,0.2,138.29,152.73,20.05,99.86
15:02:19,13.73,32.51,0,64.66,0.2,138.29,153.22,20.06,99.55
15:02:24,13.73,32.51,0,64.66,0.2,136.86,153.22,20.06,99.55
15:02:29,13.73,32.51,0,64.6,0.2,136.76,153.34,20.06,99.21
15:02:34,13.73,32.51,0,64.6,0.19,136.76,153.46,20.04,99.21
15:02:39,13.72,32.51,0,64.6,0.19,135.34,152.97,20.04,99.21
15:02:44,13.7,32.57,0,64.6,0.19,135.34,152.85,20.05,98.92
15:02:49,13.72,32.57,0,64.6,0.19,133.81,152.12,20.04,98.92
15:02:54,13.68,32.57,0,64.49,0.18,133.81,151.87,20.02,98.63
15:02:59,13.67,32.57,0,64.49,0.19,133.81,151.87,20.02,98.63